timestamp,device_id,task_type,priority,data_size_kb,compute_cost,deadline_ms,edge_cpu_load,network_delay_ms
2026-05-22T15:23:50.037718Z,device_1,temperature_report,medium,3072.0,0.45,1500,0.61,20.0
2026-05-22T15:23:52.037718Z,device_2,image_detection,medium,8192.0,0.45,1500,0.85,35.0
2026-05-22T15:23:54.037718Z,device_3,image_detection,high,10240.0,0.75,500,0.25,26.0
2026-05-22T15:23:56.037718Z,device_4,image_detection,low,6144.0,0.15,5000,0.28,45.0
2026-05-22T15:23:58.037718Z,device_5,image_detection,low,10240.0,0.15,5000,0.82,20.0
2026-05-22T15:24:00.037718Z,device_6,image_detection,low,3072.0,0.15,5000,0.06,29.0
2026-05-22T15:24:02.037718Z,device_7,image_detection,high,7168.0,0.75,500,0.71,11.0
2026-05-22T15:24:04.037718Z,device_8,temperature_report,medium,7168.0,0.45,1500,0.13,15.0
2026-05-22T15:24:06.037718Z,device_9,image_detection,high,9216.0,0.75,500,0.53,47.0
2026-05-22T15:24:08.037718Z,device_10,image_detection,medium,4096.0,0.45,1500,1.0,11.0
2026-05-22T15:24:10.037718Z,device_11,image_detection,low,1024.0,0.15,5000,0.44,45.0
2026-05-22T15:24:12.037718Z,device_12,temperature_report,medium,8192.0,0.45,1500,0.51,8.0
2026-05-22T15:24:14.037718Z,device_13,image_detection,high,4096.0,0.75,500,0.59,20.0
2026-05-22T15:24:16.037718Z,device_14,image_detection,high,10240.0,0.75,500,0.18,49.0
2026-05-22T15:24:18.037718Z,device_15,image_detection,medium,10240.0,0.45,1500,1.0,40.0
2026-05-22T15:24:20.037718Z,device_16,image_detection,low,9216.0,0.15,5000,0.92,34.0
2026-05-22T15:24:22.037718Z,device_17,image_detection,medium,8192.0,0.45,1500,0.71,23.0
2026-05-22T15:24:24.037718Z,device_18,image_detection,low,4096.0,0.15,5000,0.13,27.0
2026-05-22T15:24:26.037718Z,device_19,image_detection,medium,3072.0,0.45,1500,0.4,49.0
2026-05-22T15:24:28.037718Z,device_20,image_detection,low,8192.0,0.15,5000,0.08,16.0
2026-05-22T15:24:30.037718Z,device_21,image_detection,high,8192.0,0.75,500,0.51,34.0
2026-05-22T15:24:32.037718Z,device_22,image_detection,high,10240.0,0.75,500,0.27,48.0
2026-05-22T15:24:34.037718Z,device_23,temperature_report,low,8192.0,0.15,5000,0.01,43.0
2026-05-22T15:24:36.037718Z,device_24,image_detection,medium,3072.0,0.45,1500,0.98,26.0
2026-05-22T15:24:38.037718Z,device_25,image_detection,high,8192.0,0.75,500,0.36,6.0
2026-05-22T15:24:40.037718Z,device_26,temperature_report,high,1024.0,0.75,500,0.75,29.0
2026-05-22T15:24:42.037718Z,device_27,temperature_report,medium,10240.0,0.45,1500,0.55,13.0
2026-05-22T15:24:44.037718Z,device_28,image_detection,medium,10240.0,0.45,1500,0.19,36.0
2026-05-22T15:24:46.037718Z,device_29,temperature_report,high,8192.0,0.75,500,0.59,36.0
2026-05-22T15:24:48.037718Z,device_30,image_detection,medium,8192.0,0.45,1500,0.52,15.0
2026-05-22T15:24:50.037718Z,device_31,image_detection,medium,1024.0,0.45,1500,0.47,7.0
2026-05-22T15:24:52.037718Z,device_32,temperature_report,low,4096.0,0.15,5000,0.29,14.0
2026-05-22T15:24:54.037718Z,device_33,image_detection,high,6144.0,0.75,500,0.24,43.0
2026-05-22T15:24:56.037718Z,device_34,image_detection,medium,1024.0,0.45,1500,0.21,17.0
2026-05-22T15:24:58.037718Z,device_35,image_detection,low,9216.0,0.15,5000,0.1,38.0
2026-05-22T15:25:00.037718Z,device_36,image_detection,medium,5120.0,0.45,1500,0.74,42.0
2026-05-22T15:25:02.037718Z,device_37,temperature_report,medium,8192.0,0.45,1500,0.45,24.0
2026-05-22T15:25:04.037718Z,device_38,image_detection,low,2048.0,0.15,5000,0.99,25.0
2026-05-22T15:25:06.037718Z,device_39,image_detection,medium,4096.0,0.45,1500,0.03,34.0
2026-05-22T15:25:08.037718Z,device_40,temperature_report,medium,2048.0,0.45,1500,0.76,25.0
2026-05-22T15:25:10.037718Z,device_41,image_detection,high,4096.0,0.75,500,0.12,44.0
2026-05-22T15:25:12.037718Z,device_42,image_detection,high,8192.0,0.75,500,0.12,46.0
2026-05-22T15:25:14.037718Z,device_43,image_detection,high,10240.0,0.75,500,0.37,28.0
2026-05-22T15:25:16.037718Z,device_44,image_detection,medium,9216.0,0.45,1500,0.31,26.0
2026-05-22T15:25:18.037718Z,device_45,image_detection,high,3072.0,0.75,500,0.92,41.0
2026-05-22T15:25:20.037718Z,device_46,temperature_report,low,9216.0,0.15,5000,0.3,45.0
2026-05-22T15:25:22.037718Z,device_47,image_detection,medium,8192.0,0.45,1500,0.2,16.0
2026-05-22T15:25:24.037718Z,device_48,image_detection,high,9216.0,0.75,500,0.08,24.0
2026-05-22T15:25:26.037718Z,device_49,temperature_report,low,7168.0,0.15,5000,0.61,18.0
2026-05-22T15:25:28.037718Z,device_50,image_detection,low,3072.0,0.15,5000,0.35,50.0
2026-05-22T15:25:30.037718Z,device_51,temperature_report,high,8192.0,0.75,500,0.36,23.0
2026-05-22T15:25:32.037718Z,device_52,temperature_report,high,4096.0,0.75,500,0.79,49.0
2026-05-22T15:25:34.037718Z,device_53,image_detection,low,6144.0,0.15,5000,0.98,11.0
2026-05-22T15:25:36.037718Z,device_54,temperature_report,high,7168.0,0.75,500,0.61,32.0
2026-05-22T15:25:38.037718Z,device_55,temperature_report,medium,10240.0,0.45,1500,0.75,29.0
2026-05-22T15:25:40.037718Z,device_56,image_detection,low,7168.0,0.15,5000,0.72,35.0
2026-05-22T15:25:42.037718Z,device_57,image_detection,medium,8192.0,0.45,1500,0.81,39.0
2026-05-22T15:25:44.037718Z,device_58,temperature_report,low,7168.0,0.15,5000,0.33,37.0
2026-05-22T15:25:46.037718Z,device_59,temperature_report,low,3072.0,0.15,5000,0.28,40.0
2026-05-22T15:25:48.037718Z,device_60,image_detection,low,5120.0,0.15,5000,0.16,39.0
2026-05-22T15:25:50.037718Z,device_61,image_detection,low,8192.0,0.15,5000,0.95,18.0
2026-05-22T15:25:52.037718Z,device_62,image_detection,low,7168.0,0.15,5000,0.39,15.0
2026-05-22T15:25:54.037718Z,device_63,image_detection,medium,10240.0,0.45,1500,0.6,20.0
2026-05-22T15:25:56.037718Z,device_64,image_detection,high,2048.0,0.75,500,0.3,49.0
2026-05-22T15:25:58.037718Z,device_65,temperature_report,medium,9216.0,0.45,1500,0.49,28.0
2026-05-22T15:26:00.037718Z,device_66,temperature_report,medium,10240.0,0.45,1500,0.64,42.0
2026-05-22T15:26:02.037718Z,device_67,image_detection,high,5120.0,0.75,500,0.35,26.0
2026-05-22T15:26:04.037718Z,device_68,image_detection,medium,9216.0,0.45,1500,0.92,22.0
2026-05-22T15:26:06.037718Z,device_69,image_detection,medium,10240.0,0.45,1500,0.66,42.0
2026-05-22T15:26:08.037718Z,device_70,temperature_report,medium,3072.0,0.45,1500,0.72,23.0
2026-05-22T15:26:10.037718Z,device_71,image_detection,high,2048.0,0.75,500,0.75,46.0
2026-05-22T15:26:12.037718Z,device_72,image_detection,high,5120.0,0.75,500,0.19,33.0
2026-05-22T15:26:14.037718Z,device_73,temperature_report,high,8192.0,0.75,500,0.1,47.0
2026-05-22T15:26:16.037718Z,device_74,temperature_report,medium,9216.0,0.45,1500,0.7,41.0
2026-05-22T15:26:18.037718Z,device_75,image_detection,medium,10240.0,0.45,1500,1.0,45.0
2026-05-22T15:26:20.037718Z,device_76,temperature_report,high,3072.0,0.75,500,0.73,33.0
2026-05-22T15:26:22.037718Z,device_77,image_detection,high,8192.0,0.75,500,0.7,24.0
2026-05-22T15:26:24.037718Z,device_78,image_detection,low,7168.0,0.15,5000,0.66,20.0
2026-05-22T15:26:26.037718Z,device_79,image_detection,low,6144.0,0.15,5000,0.19,20.0
2026-05-22T15:26:28.037718Z,device_80,temperature_report,medium,1024.0,0.45,1500,0.8,6.0
2026-05-22T15:26:30.037718Z,device_81,image_detection,medium,2048.0,0.45,1500,0.24,23.0
2026-05-22T15:26:32.037718Z,device_82,image_detection,low,8192.0,0.15,5000,0.01,7.0
2026-05-22T15:26:34.037718Z,device_83,image_detection,medium,9216.0,0.45,1500,0.03,24.0
2026-05-22T15:26:36.037718Z,device_84,image_detection,medium,9216.0,0.45,1500,0.5,40.0
2026-05-22T15:26:38.037718Z,device_85,image_detection,low,10240.0,0.15,5000,0.28,32.0
2026-05-22T15:26:40.037718Z,device_86,image_detection,medium,1024.0,0.45,1500,0.04,7.0
2026-05-22T15:26:42.037718Z,device_87,temperature_report,low,3072.0,0.15,5000,0.56,12.0
2026-05-22T15:26:44.037718Z,device_88,image_detection,low,1024.0,0.15,5000,0.2,39.0
2026-05-22T15:26:46.037718Z,device_89,temperature_report,medium,4096.0,0.45,1500,0.13,46.0
2026-05-22T15:26:48.037718Z,device_90,temperature_report,high,7168.0,0.75,500,0.86,47.0
2026-05-22T15:26:50.037718Z,device_91,image_detection,low,4096.0,0.15,5000,0.56,13.0
2026-05-22T15:26:52.037718Z,device_92,temperature_report,high,5120.0,0.75,500,0.47,32.0
2026-05-22T15:26:54.037718Z,device_93,temperature_report,low,10240.0,0.15,5000,0.91,21.0
2026-05-22T15:26:56.037718Z,device_94,image_detection,high,7168.0,0.75,500,0.98,35.0
2026-05-22T15:26:58.037718Z,device_95,temperature_report,high,3072.0,0.75,500,0.91,36.0
2026-05-22T15:27:00.037718Z,device_96,image_detection,high,6144.0,0.75,500,0.27,13.0
2026-05-22T15:27:02.037718Z,device_97,image_detection,medium,10240.0,0.45,1500,0.21,40.0
2026-05-22T15:27:04.037718Z,device_98,temperature_report,medium,9216.0,0.45,1500,0.07,5.0
2026-05-22T15:27:06.037718Z,device_99,image_detection,medium,5120.0,0.45,1500,0.76,15.0
2026-05-22T15:27:08.037718Z,device_100,image_detection,high,3072.0,0.75,500,0.61,42.0
2026-05-22T15:27:10.037718Z,device_101,image_detection,medium,5120.0,0.45,1500,0.58,31.0
2026-05-22T15:27:12.037718Z,device_102,temperature_report,high,8192.0,0.75,500,0.54,26.0
2026-05-22T15:27:14.037718Z,device_103,image_detection,medium,4096.0,0.45,1500,0.96,45.0
2026-05-22T15:27:16.037718Z,device_104,image_detection,medium,4096.0,0.45,1500,0.45,29.0
2026-05-22T15:27:18.037718Z,device_105,temperature_report,low,3072.0,0.15,5000,0.63,20.0
2026-05-22T15:27:20.037718Z,device_106,image_detection,high,6144.0,0.75,500,0.63,41.0
2026-05-22T15:27:22.037718Z,device_107,image_detection,medium,2048.0,0.45,1500,0.17,38.0
2026-05-22T15:27:24.037718Z,device_108,temperature_report,high,4096.0,0.75,500,0.69,5.0
2026-05-22T15:27:26.037718Z,device_109,temperature_report,medium,1024.0,0.45,1500,0.21,13.0
2026-05-22T15:27:28.037718Z,device_110,temperature_report,medium,9216.0,0.45,1500,0.14,38.0
2026-05-22T15:27:30.037718Z,device_111,image_detection,medium,9216.0,0.45,1500,0.81,37.0
2026-05-22T15:27:32.037718Z,device_112,image_detection,low,4096.0,0.15,5000,0.33,23.0
2026-05-22T15:27:34.037718Z,device_113,temperature_report,medium,1024.0,0.45,1500,0.15,44.0
2026-05-22T15:27:36.037718Z,device_114,image_detection,medium,4096.0,0.45,1500,0.21,35.0
2026-05-22T15:27:38.037718Z,device_115,image_detection,high,4096.0,0.75,500,0.76,22.0
2026-05-22T15:27:40.037718Z,device_116,image_detection,high,5120.0,0.75,500,0.9,31.0
2026-05-22T15:27:42.037718Z,device_117,image_detection,high,5120.0,0.75,500,0.61,15.0
2026-05-22T15:27:44.037718Z,device_118,temperature_report,low,5120.0,0.15,5000,0.51,12.0
2026-05-22T15:27:46.037718Z,device_119,temperature_report,low,4096.0,0.15,5000,0.33,26.0
2026-05-22T15:27:48.037718Z,device_120,image_detection,high,4096.0,0.75,500,0.74,28.0
2026-05-22T15:27:50.037718Z,device_121,image_detection,low,3072.0,0.15,5000,0.73,48.0
2026-05-22T15:27:52.037718Z,device_122,image_detection,medium,7168.0,0.45,1500,0.84,19.0
2026-05-22T15:27:54.037718Z,device_123,temperature_report,medium,2048.0,0.45,1500,0.02,26.0
2026-05-22T15:27:56.037718Z,device_124,image_detection,low,2048.0,0.15,5000,0.12,27.0
2026-05-22T15:27:58.037718Z,device_125,temperature_report,low,9216.0,0.15,5000,0.65,31.0
2026-05-22T15:28:00.037718Z,device_126,image_detection,high,10240.0,0.75,500,0.11,10.0
2026-05-22T15:28:02.037718Z,device_127,image_detection,medium,2048.0,0.45,1500,0.16,48.0
2026-05-22T15:28:04.037718Z,device_128,image_detection,low,1024.0,0.15,5000,0.83,22.0
2026-05-22T15:28:06.037718Z,device_129,image_detection,high,9216.0,0.75,500,0.0,7.0
2026-05-22T15:28:08.037718Z,device_130,temperature_report,high,8192.0,0.75,500,0.76,21.0
2026-05-22T15:28:10.037718Z,device_131,image_detection,medium,3072.0,0.45,1500,0.62,17.0
2026-05-22T15:28:12.037718Z,device_132,temperature_report,medium,9216.0,0.45,1500,0.34,32.0
2026-05-22T15:28:14.037718Z,device_133,temperature_report,medium,6144.0,0.45,1500,0.68,27.0
2026-05-22T15:28:16.037718Z,device_134,image_detection,low,5120.0,0.15,5000,0.16,10.0
2026-05-22T15:28:18.037718Z,device_135,image_detection,low,7168.0,0.15,5000,0.57,16.0
2026-05-22T15:28:20.037718Z,device_136,image_detection,high,6144.0,0.75,500,0.66,19.0
2026-05-22T15:28:22.037718Z,device_137,image_detection,low,8192.0,0.15,5000,0.21,20.0
2026-05-22T15:28:24.037718Z,device_138,temperature_report,high,9216.0,0.75,500,0.35,28.0
2026-05-22T15:28:26.037718Z,device_139,image_detection,high,2048.0,0.75,500,0.14,11.0
2026-05-22T15:28:28.037718Z,device_140,image_detection,low,7168.0,0.15,5000,0.24,9.0
2026-05-22T15:28:30.037718Z,device_141,image_detection,high,8192.0,0.75,500,0.81,6.0
2026-05-22T15:28:32.037718Z,device_142,image_detection,high,10240.0,0.75,500,0.68,22.0
2026-05-22T15:28:34.037718Z,device_143,temperature_report,high,5120.0,0.75,500,0.47,18.0
2026-05-22T15:28:36.037718Z,device_144,image_detection,low,7168.0,0.15,5000,0.77,8.0
2026-05-22T15:28:38.037718Z,device_145,temperature_report,high,3072.0,0.75,500,0.73,34.0
2026-05-22T15:28:40.037718Z,device_146,temperature_report,low,7168.0,0.15,5000,0.1,25.0
2026-05-22T15:28:42.037718Z,device_147,temperature_report,low,10240.0,0.15,5000,0.09,21.0
2026-05-22T15:28:44.037718Z,device_148,image_detection,medium,10240.0,0.45,1500,0.31,12.0
2026-05-22T15:28:46.037718Z,device_149,image_detection,high,4096.0,0.75,500,0.79,43.0
2026-05-22T15:28:48.037718Z,device_150,image_detection,high,4096.0,0.75,500,1.0,47.0
2026-05-22T15:28:50.037718Z,device_151,image_detection,medium,10240.0,0.45,1500,0.57,23.0
2026-05-22T15:28:52.037718Z,device_152,image_detection,low,3072.0,0.15,5000,0.56,33.0
2026-05-22T15:28:54.037718Z,device_153,temperature_report,medium,5120.0,0.45,1500,0.6,22.0
2026-05-22T15:28:56.037718Z,device_154,image_detection,low,3072.0,0.15,5000,0.08,23.0
2026-05-22T15:28:58.037718Z,device_155,image_detection,low,4096.0,0.15,5000,0.92,26.0
2026-05-22T15:29:00.037718Z,device_156,temperature_report,low,6144.0,0.15,5000,0.66,25.0
2026-05-22T15:29:02.037718Z,device_157,temperature_report,high,3072.0,0.75,500,0.07,24.0
2026-05-22T15:29:04.037718Z,device_158,image_detection,medium,4096.0,0.45,1500,0.69,5.0
2026-05-22T15:29:06.037718Z,device_159,image_detection,high,2048.0,0.75,500,0.26,31.0
2026-05-22T15:29:08.037718Z,device_160,image_detection,low,4096.0,0.15,5000,0.64,25.0
2026-05-22T15:29:10.037718Z,device_161,temperature_report,high,1024.0,0.75,500,0.88,36.0
2026-05-22T15:29:12.037718Z,device_162,image_detection,medium,10240.0,0.45,1500,0.41,29.0
2026-05-22T15:29:14.037718Z,device_163,temperature_report,low,10240.0,0.15,5000,0.84,34.0
2026-05-22T15:29:16.037718Z,device_164,temperature_report,high,10240.0,0.75,500,0.16,47.0
2026-05-22T15:29:18.037718Z,device_165,temperature_report,medium,5120.0,0.45,1500,0.15,34.0
2026-05-22T15:29:20.037718Z,device_166,image_detection,low,9216.0,0.15,5000,0.22,38.0
2026-05-22T15:29:22.037718Z,device_167,temperature_report,low,5120.0,0.15,5000,0.33,17.0
2026-05-22T15:29:24.037718Z,device_168,temperature_report,high,7168.0,0.75,500,0.3,14.0
2026-05-22T15:29:26.037718Z,device_169,temperature_report,medium,5120.0,0.45,1500,0.37,39.0
2026-05-22T15:29:28.037718Z,device_170,temperature_report,low,3072.0,0.15,5000,0.76,29.0
2026-05-22T15:29:30.037718Z,device_171,image_detection,high,2048.0,0.75,500,0.49,16.0
2026-05-22T15:29:32.037718Z,device_172,temperature_report,high,9216.0,0.75,500,0.15,5.0
2026-05-22T15:29:34.037718Z,device_173,image_detection,medium,9216.0,0.45,1500,0.38,49.0
2026-05-22T15:29:36.037718Z,device_174,image_detection,medium,9216.0,0.45,1500,0.24,14.0
2026-05-22T15:29:38.037718Z,device_175,temperature_report,low,10240.0,0.15,5000,0.48,35.0
2026-05-22T15:29:40.037718Z,device_176,image_detection,high,1024.0,0.75,500,0.02,26.0
2026-05-22T15:29:42.037718Z,device_177,image_detection,medium,1024.0,0.45,1500,0.5,25.0
2026-05-22T15:29:44.037718Z,device_178,image_detection,high,1024.0,0.75,500,0.21,29.0
2026-05-22T15:29:46.037718Z,device_179,image_detection,low,10240.0,0.15,5000,0.26,8.0
2026-05-22T15:29:48.037718Z,device_180,image_detection,low,8192.0,0.15,5000,0.8,31.0
2026-05-22T15:29:50.037718Z,device_181,image_detection,high,7168.0,0.75,500,0.25,31.0
2026-05-22T15:29:52.037718Z,device_182,temperature_report,high,10240.0,0.75,500,0.3,13.0
2026-05-22T15:29:54.037718Z,device_183,temperature_report,low,2048.0,0.15,5000,0.29,44.0
2026-05-22T15:29:56.037718Z,device_184,image_detection,high,7168.0,0.75,500,0.23,19.0
2026-05-22T15:29:58.037718Z,device_185,temperature_report,high,1024.0,0.75,500,0.89,24.0
2026-05-22T15:30:00.037718Z,device_186,image_detection,medium,10240.0,0.45,1500,0.22,16.0
2026-05-22T15:30:02.037718Z,device_187,image_detection,high,7168.0,0.75,500,0.57,34.0
2026-05-22T15:30:04.037718Z,device_188,temperature_report,medium,2048.0,0.45,1500,0.26,30.0
2026-05-22T15:30:06.037718Z,device_189,temperature_report,medium,9216.0,0.45,1500,0.59,16.0
2026-05-22T15:30:08.037718Z,device_190,image_detection,high,1024.0,0.75,500,0.24,36.0
2026-05-22T15:30:10.037718Z,device_191,temperature_report,low,9216.0,0.15,5000,0.95,50.0
2026-05-22T15:30:12.037718Z,device_192,image_detection,medium,2048.0,0.45,1500,0.89,10.0
2026-05-22T15:30:14.037718Z,device_193,image_detection,high,6144.0,0.75,500,0.01,14.0
2026-05-22T15:30:16.037718Z,device_194,image_detection,medium,6144.0,0.45,1500,0.35,8.0
2026-05-22T15:30:18.037718Z,device_195,image_detection,medium,10240.0,0.45,1500,0.58,22.0
2026-05-22T15:30:20.037718Z,device_196,temperature_report,high,7168.0,0.75,500,0.76,36.0
2026-05-22T15:30:22.037718Z,device_197,image_detection,medium,2048.0,0.45,1500,0.55,15.0
2026-05-22T15:30:24.037718Z,device_198,temperature_report,low,5120.0,0.15,5000,0.37,43.0
2026-05-22T15:30:26.037718Z,device_199,image_detection,high,8192.0,0.75,500,0.38,32.0
2026-05-22T15:30:28.037718Z,device_200,temperature_report,high,6144.0,0.75,500,0.1,32.0
2026-05-22T15:30:30.037718Z,device_201,image_detection,high,5120.0,0.75,500,0.73,7.0
2026-05-22T15:30:32.037718Z,device_202,image_detection,low,10240.0,0.15,5000,0.21,21.0
2026-05-22T15:30:34.037718Z,device_203,image_detection,low,9216.0,0.15,5000,0.93,16.0
2026-05-22T15:30:36.037718Z,device_204,temperature_report,high,8192.0,0.75,500,0.39,16.0
2026-05-22T15:30:38.037718Z,device_205,temperature_report,low,10240.0,0.15,5000,0.25,8.0
2026-05-22T15:30:40.037718Z,device_206,image_detection,high,1024.0,0.75,500,0.7,26.0
2026-05-22T15:30:42.037718Z,device_207,temperature_report,low,6144.0,0.15,5000,0.24,21.0
2026-05-22T15:30:44.037718Z,device_208,temperature_report,medium,1024.0,0.45,1500,0.73,32.0
2026-05-22T15:30:46.037718Z,device_209,image_detection,medium,7168.0,0.45,1500,0.36,46.0
2026-05-22T15:30:48.037718Z,device_210,temperature_report,medium,8192.0,0.45,1500,0.61,7.0
2026-05-22T15:30:50.037718Z,device_211,image_detection,medium,8192.0,0.45,1500,0.69,31.0
2026-05-22T15:30:52.037718Z,device_212,image_detection,low,9216.0,0.15,5000,0.05,44.0
2026-05-22T15:30:54.037718Z,device_213,temperature_report,low,2048.0,0.15,5000,0.39,18.0
2026-05-22T15:30:56.037718Z,device_214,image_detection,high,7168.0,0.75,500,0.34,9.0
2026-05-22T15:30:58.037718Z,device_215,image_detection,high,2048.0,0.75,500,0.12,15.0
2026-05-22T15:31:00.037718Z,device_216,temperature_report,medium,1024.0,0.45,1500,0.52,29.0
2026-05-22T15:31:02.037718Z,device_217,image_detection,high,10240.0,0.75,500,0.75,43.0
2026-05-22T15:31:04.037718Z,device_218,image_detection,high,9216.0,0.75,500,0.57,8.0
2026-05-22T15:31:06.037718Z,device_219,image_detection,medium,4096.0,0.45,1500,0.73,20.0
2026-05-22T15:31:08.037718Z,device_220,image_detection,low,5120.0,0.15,5000,0.7,23.0
2026-05-22T15:31:10.037718Z,device_221,temperature_report,low,5120.0,0.15,5000,0.88,30.0
2026-05-22T15:31:12.037718Z,device_222,image_detection,high,5120.0,0.75,500,0.31,29.0
2026-05-22T15:31:14.037718Z,device_223,image_detection,medium,10240.0,0.45,1500,0.14,28.0
2026-05-22T15:31:16.037718Z,device_224,image_detection,high,4096.0,0.75,500,0.5,18.0
2026-05-22T15:31:18.037718Z,device_225,image_detection,high,1024.0,0.75,500,0.78,43.0
2026-05-22T15:31:20.037718Z,device_226,image_detection,medium,8192.0,0.45,1500,0.61,25.0
2026-05-22T15:31:22.037718Z,device_227,image_detection,low,4096.0,0.15,5000,0.46,31.0
2026-05-22T15:31:24.037718Z,device_228,temperature_report,medium,8192.0,0.45,1500,0.2,32.0
2026-05-22T15:31:26.037718Z,device_229,image_detection,low,5120.0,0.15,5000,0.32,22.0
2026-05-22T15:31:28.037718Z,device_230,temperature_report,high,2048.0,0.75,500,0.78,9.0
2026-05-22T15:31:30.037718Z,device_231,image_detection,high,6144.0,0.75,500,0.06,31.0
2026-05-22T15:31:32.037718Z,device_232,temperature_report,low,2048.0,0.15,5000,0.86,37.0
2026-05-22T15:31:34.037718Z,device_233,temperature_report,high,2048.0,0.75,500,0.31,27.0
2026-05-22T15:31:36.037718Z,device_234,temperature_report,medium,5120.0,0.45,1500,0.26,23.0
2026-05-22T15:31:38.037718Z,device_235,temperature_report,low,6144.0,0.15,5000,0.95,12.0
2026-05-22T15:31:40.037718Z,device_236,temperature_report,high,4096.0,0.75,500,0.61,15.0
2026-05-22T15:31:42.037718Z,device_237,image_detection,high,4096.0,0.75,500,0.55,7.0
2026-05-22T15:31:44.037718Z,device_238,image_detection,high,3072.0,0.75,500,0.14,36.0
2026-05-22T15:31:46.037718Z,device_239,image_detection,medium,9216.0,0.45,1500,0.59,19.0
2026-05-22T15:31:48.037718Z,device_240,image_detection,high,10240.0,0.75,500,0.73,15.0
2026-05-22T15:31:50.037718Z,device_241,temperature_report,medium,5120.0,0.45,1500,0.1,38.0
2026-05-22T15:31:52.037718Z,device_242,image_detection,low,4096.0,0.15,5000,0.59,23.0
2026-05-22T15:31:54.037718Z,device_243,temperature_report,medium,9216.0,0.45,1500,0.18,24.0
2026-05-22T15:31:56.037718Z,device_244,image_detection,high,6144.0,0.75,500,0.21,20.0
2026-05-22T15:31:58.037718Z,device_245,image_detection,low,10240.0,0.15,5000,0.35,30.0
2026-05-22T15:32:00.037718Z,device_246,image_detection,low,9216.0,0.15,5000,0.3,6.0
2026-05-22T15:32:02.037718Z,device_247,image_detection,medium,10240.0,0.45,1500,0.03,28.0
2026-05-22T15:32:04.037718Z,device_248,temperature_report,high,10240.0,0.75,500,0.27,32.0
2026-05-22T15:32:06.037718Z,device_249,temperature_report,low,2048.0,0.15,5000,0.93,48.0
2026-05-22T15:32:08.037718Z,device_250,image_detection,medium,2048.0,0.45,1500,0.99,39.0
2026-05-22T15:32:10.037718Z,device_251,image_detection,low,6144.0,0.15,5000,0.59,47.0
2026-05-22T15:32:12.037718Z,device_252,image_detection,high,6144.0,0.75,500,0.3,47.0
2026-05-22T15:32:14.037718Z,device_253,temperature_report,high,4096.0,0.75,500,0.15,11.0
2026-05-22T15:32:16.037718Z,device_254,image_detection,high,3072.0,0.75,500,0.65,21.0
2026-05-22T15:32:18.037718Z,device_255,temperature_report,low,3072.0,0.15,5000,0.48,24.0
2026-05-22T15:32:20.037718Z,device_256,temperature_report,high,10240.0,0.75,500,0.87,17.0
2026-05-22T15:32:22.037718Z,device_257,temperature_report,medium,1024.0,0.45,1500,0.84,13.0
2026-05-22T15:32:24.037718Z,device_258,temperature_report,medium,2048.0,0.45,1500,0.46,28.0
2026-05-22T15:32:26.037718Z,device_259,image_detection,medium,4096.0,0.45,1500,0.82,42.0
2026-05-22T15:32:28.037718Z,device_260,image_detection,medium,3072.0,0.45,1500,0.86,22.0
2026-05-22T15:32:30.037718Z,device_261,image_detection,high,8192.0,0.75,500,0.49,20.0
2026-05-22T15:32:32.037718Z,device_262,temperature_report,low,6144.0,0.15,5000,0.75,48.0
2026-05-22T15:32:34.037718Z,device_263,image_detection,medium,5120.0,0.45,1500,0.49,27.0
2026-05-22T15:32:36.037718Z,device_264,image_detection,high,9216.0,0.75,500,0.51,40.0
2026-05-22T15:32:38.037718Z,device_265,image_detection,low,5120.0,0.15,5000,0.33,29.0
2026-05-22T15:32:40.037718Z,device_266,image_detection,high,5120.0,0.75,500,0.15,42.0
2026-05-22T15:32:42.037718Z,device_267,image_detection,medium,9216.0,0.45,1500,0.07,39.0
2026-05-22T15:32:44.037718Z,device_268,image_detection,low,4096.0,0.15,5000,0.54,28.0
2026-05-22T15:32:46.037718Z,device_269,image_detection,medium,9216.0,0.45,1500,0.03,45.0
2026-05-22T15:32:48.037718Z,device_270,image_detection,low,8192.0,0.15,5000,0.41,15.0
2026-05-22T15:32:50.037718Z,device_271,temperature_report,medium,3072.0,0.45,1500,0.04,38.0
2026-05-22T15:32:52.037718Z,device_272,temperature_report,low,3072.0,0.15,5000,0.56,18.0
2026-05-22T15:32:54.037718Z,device_273,temperature_report,low,1024.0,0.15,5000,0.06,41.0
2026-05-22T15:32:56.037718Z,device_274,image_detection,high,8192.0,0.75,500,0.68,24.0
2026-05-22T15:32:58.037718Z,device_275,image_detection,low,5120.0,0.15,5000,0.48,33.0
2026-05-22T15:33:00.037718Z,device_276,temperature_report,high,2048.0,0.75,500,0.51,48.0
2026-05-22T15:33:02.037718Z,device_277,temperature_report,low,7168.0,0.15,5000,1.0,21.0
2026-05-22T15:33:04.037718Z,device_278,image_detection,medium,5120.0,0.45,1500,0.5,15.0
2026-05-22T15:33:06.037718Z,device_279,image_detection,low,1024.0,0.15,5000,0.92,31.0
2026-05-22T15:33:08.037718Z,device_280,image_detection,low,2048.0,0.15,5000,0.49,28.0
2026-05-22T15:33:10.037718Z,device_281,image_detection,low,10240.0,0.15,5000,0.43,13.0
2026-05-22T15:33:12.037718Z,device_282,image_detection,medium,5120.0,0.45,1500,0.44,6.0
2026-05-22T15:33:14.037718Z,device_283,temperature_report,low,4096.0,0.15,5000,1.0,39.0
2026-05-22T15:33:16.037718Z,device_284,image_detection,high,5120.0,0.75,500,0.75,28.0
2026-05-22T15:33:18.037718Z,device_285,image_detection,medium,6144.0,0.45,1500,0.51,23.0
2026-05-22T15:33:20.037718Z,device_286,temperature_report,medium,8192.0,0.45,1500,0.2,28.0
2026-05-22T15:33:22.037718Z,device_287,image_detection,low,9216.0,0.15,5000,0.23,30.0
2026-05-22T15:33:24.037718Z,device_288,image_detection,high,9216.0,0.75,500,0.63,29.0
2026-05-22T15:33:26.037718Z,device_289,image_detection,low,1024.0,0.15,5000,0.03,13.0
2026-05-22T15:33:28.037718Z,device_290,image_detection,high,1024.0,0.75,500,0.47,30.0
2026-05-22T15:33:30.037718Z,device_291,temperature_report,high,4096.0,0.75,500,0.24,38.0
2026-05-22T15:33:32.037718Z,device_292,image_detection,high,7168.0,0.75,500,0.84,20.0
2026-05-22T15:33:34.037718Z,device_293,temperature_report,high,6144.0,0.75,500,0.38,23.0
2026-05-22T15:33:36.037718Z,device_294,image_detection,high,8192.0,0.75,500,0.27,34.0
2026-05-22T15:33:38.037718Z,device_295,image_detection,medium,10240.0,0.45,1500,0.17,10.0
2026-05-22T15:33:40.037718Z,device_296,image_detection,low,9216.0,0.15,5000,0.49,32.0
2026-05-22T15:33:42.037718Z,device_297,temperature_report,low,7168.0,0.15,5000,0.02,23.0
2026-05-22T15:33:44.037718Z,device_298,temperature_report,low,5120.0,0.15,5000,0.47,46.0
2026-05-22T15:33:46.037718Z,device_299,image_detection,high,1024.0,0.75,500,0.58,41.0
2026-05-22T15:33:48.037718Z,device_300,image_detection,low,6144.0,0.15,5000,0.79,50.0
2026-05-22T15:33:50.037718Z,device_301,temperature_report,low,6144.0,0.15,5000,0.82,16.0
2026-05-22T15:33:52.037718Z,device_302,image_detection,medium,7168.0,0.45,1500,0.72,36.0
2026-05-22T15:33:54.037718Z,device_303,image_detection,high,1024.0,0.75,500,0.64,18.0
2026-05-22T15:33:56.037718Z,device_304,image_detection,medium,10240.0,0.45,1500,0.2,27.0
2026-05-22T15:33:58.037718Z,device_305,image_detection,medium,5120.0,0.45,1500,0.26,50.0
2026-05-22T15:34:00.037718Z,device_306,image_detection,low,1024.0,0.15,5000,0.02,23.0
2026-05-22T15:34:02.037718Z,device_307,image_detection,medium,1024.0,0.45,1500,0.77,45.0
2026-05-22T15:34:04.037718Z,device_308,image_detection,medium,9216.0,0.45,1500,0.03,7.0
2026-05-22T15:34:06.037718Z,device_309,image_detection,high,5120.0,0.75,500,0.42,17.0
2026-05-22T15:34:08.037718Z,device_310,temperature_report,low,10240.0,0.15,5000,0.46,14.0
2026-05-22T15:34:10.037718Z,device_311,image_detection,medium,6144.0,0.45,1500,0.5,34.0
2026-05-22T15:34:12.037718Z,device_312,temperature_report,medium,4096.0,0.45,1500,0.37,41.0
2026-05-22T15:34:14.037718Z,device_313,image_detection,low,7168.0,0.15,5000,0.56,22.0
2026-05-22T15:34:16.037718Z,device_314,temperature_report,medium,6144.0,0.45,1500,0.72,36.0
2026-05-22T15:34:18.037718Z,device_315,temperature_report,low,10240.0,0.15,5000,0.1,30.0
2026-05-22T15:34:20.037718Z,device_316,image_detection,high,4096.0,0.75,500,0.15,49.0
2026-05-22T15:34:22.037718Z,device_317,temperature_report,medium,3072.0,0.45,1500,0.14,21.0
2026-05-22T15:34:24.037718Z,device_318,image_detection,low,10240.0,0.15,5000,0.05,20.0
2026-05-22T15:34:26.037718Z,device_319,temperature_report,low,3072.0,0.15,5000,0.39,40.0
2026-05-22T15:34:28.037718Z,device_320,image_detection,low,10240.0,0.15,5000,0.1,36.0
2026-05-22T15:34:30.037718Z,device_321,image_detection,low,6144.0,0.15,5000,0.79,26.0
2026-05-22T15:34:32.037718Z,device_322,image_detection,high,3072.0,0.75,500,0.33,11.0
2026-05-22T15:34:34.037718Z,device_323,image_detection,low,6144.0,0.15,5000,0.41,14.0
2026-05-22T15:34:36.037718Z,device_324,temperature_report,high,5120.0,0.75,500,0.46,24.0
2026-05-22T15:34:38.037718Z,device_325,image_detection,medium,2048.0,0.45,1500,0.26,27.0
2026-05-22T15:34:40.037718Z,device_326,image_detection,low,10240.0,0.15,5000,0.26,30.0
2026-05-22T15:34:42.037718Z,device_327,temperature_report,medium,4096.0,0.45,1500,0.87,8.0
2026-05-22T15:34:44.037718Z,device_328,temperature_report,medium,5120.0,0.45,1500,0.65,8.0
2026-05-22T15:34:46.037718Z,device_329,image_detection,high,9216.0,0.75,500,0.35,28.0
2026-05-22T15:34:48.037718Z,device_330,image_detection,low,7168.0,0.15,5000,0.16,28.0
2026-05-22T15:34:50.037718Z,device_331,image_detection,medium,10240.0,0.45,1500,0.95,25.0
2026-05-22T15:34:52.037718Z,device_332,image_detection,low,7168.0,0.15,5000,0.37,13.0
2026-05-22T15:34:54.037718Z,device_333,image_detection,high,6144.0,0.75,500,0.86,28.0
2026-05-22T15:34:56.037718Z,device_334,image_detection,high,8192.0,0.75,500,0.14,6.0
2026-05-22T15:34:58.037718Z,device_335,temperature_report,high,4096.0,0.75,500,0.43,5.0
2026-05-22T15:35:00.037718Z,device_336,image_detection,high,9216.0,0.75,500,0.46,16.0
2026-05-22T15:35:02.037718Z,device_337,temperature_report,high,8192.0,0.75,500,0.13,26.0
2026-05-22T15:35:04.037718Z,device_338,image_detection,high,2048.0,0.75,500,0.58,7.0
2026-05-22T15:35:06.037718Z,device_339,temperature_report,low,2048.0,0.15,5000,0.53,5.0
2026-05-22T15:35:08.037718Z,device_340,image_detection,low,6144.0,0.15,5000,0.59,47.0
2026-05-22T15:35:10.037718Z,device_341,image_detection,medium,3072.0,0.45,1500,0.1,40.0
2026-05-22T15:35:12.037718Z,device_342,temperature_report,low,6144.0,0.15,5000,0.33,21.0
2026-05-22T15:35:14.037718Z,device_343,temperature_report,low,3072.0,0.15,5000,0.85,10.0
2026-05-22T15:35:16.037718Z,device_344,image_detection,medium,4096.0,0.45,1500,0.56,7.0
2026-05-22T15:35:18.037718Z,device_345,image_detection,high,9216.0,0.75,500,0.97,46.0
2026-05-22T15:35:20.037718Z,device_346,image_detection,high,8192.0,0.75,500,0.9,22.0
2026-05-22T15:35:22.037718Z,device_347,temperature_report,medium,4096.0,0.45,1500,0.5,27.0
2026-05-22T15:35:24.037718Z,device_348,image_detection,low,1024.0,0.15,5000,0.36,38.0
2026-05-22T15:35:26.037718Z,device_349,image_detection,low,5120.0,0.15,5000,0.78,39.0
2026-05-22T15:35:28.037718Z,device_350,image_detection,low,6144.0,0.15,5000,0.58,5.0
2026-05-22T15:35:30.037718Z,device_351,image_detection,high,9216.0,0.75,500,0.28,46.0
2026-05-22T15:35:32.037718Z,device_352,temperature_report,low,10240.0,0.15,5000,0.14,24.0
2026-05-22T15:35:34.037718Z,device_353,temperature_report,high,6144.0,0.75,500,0.45,28.0
2026-05-22T15:35:36.037718Z,device_354,image_detection,low,7168.0,0.15,5000,0.89,24.0
2026-05-22T15:35:38.037718Z,device_355,image_detection,high,9216.0,0.75,500,0.03,10.0
2026-05-22T15:35:40.037718Z,device_356,image_detection,high,9216.0,0.75,500,0.51,47.0
2026-05-22T15:35:42.037718Z,device_357,image_detection,high,6144.0,0.75,500,0.0,50.0
2026-05-22T15:35:44.037718Z,device_358,image_detection,low,9216.0,0.15,5000,0.0,36.0
2026-05-22T15:35:46.037718Z,device_359,temperature_report,low,3072.0,0.15,5000,0.5,16.0
2026-05-22T15:35:48.037718Z,device_360,image_detection,low,9216.0,0.15,5000,0.11,8.0
2026-05-22T15:35:50.037718Z,device_361,temperature_report,medium,10240.0,0.45,1500,0.97,20.0
2026-05-22T15:35:52.037718Z,device_362,temperature_report,low,4096.0,0.15,5000,0.52,23.0
2026-05-22T15:35:54.037718Z,device_363,image_detection,low,8192.0,0.15,5000,0.09,11.0
2026-05-22T15:35:56.037718Z,device_364,image_detection,high,6144.0,0.75,500,0.26,32.0
2026-05-22T15:35:58.037718Z,device_365,image_detection,medium,5120.0,0.45,1500,0.53,17.0
2026-05-22T15:36:00.037718Z,device_366,temperature_report,high,9216.0,0.75,500,0.21,23.0
2026-05-22T15:36:02.037718Z,device_367,image_detection,high,4096.0,0.75,500,0.37,22.0
2026-05-22T15:36:04.037718Z,device_368,temperature_report,high,5120.0,0.75,500,0.74,8.0
2026-05-22T15:36:06.037718Z,device_369,image_detection,medium,8192.0,0.45,1500,0.37,45.0
2026-05-22T15:36:08.037718Z,device_370,image_detection,high,4096.0,0.75,500,0.38,33.0
2026-05-22T15:36:10.037718Z,device_371,image_detection,high,2048.0,0.75,500,0.45,38.0
2026-05-22T15:36:12.037718Z,device_372,temperature_report,high,8192.0,0.75,500,0.24,12.0
2026-05-22T15:36:14.037718Z,device_373,temperature_report,low,5120.0,0.15,5000,0.11,9.0
2026-05-22T15:36:16.037718Z,device_374,temperature_report,medium,6144.0,0.45,1500,0.78,9.0
2026-05-22T15:36:18.037718Z,device_375,temperature_report,low,7168.0,0.15,5000,0.28,36.0
2026-05-22T15:36:20.037718Z,device_376,image_detection,low,1024.0,0.15,5000,0.07,30.0
2026-05-22T15:36:22.037718Z,device_377,image_detection,low,2048.0,0.15,5000,0.49,47.0
2026-05-22T15:36:24.037718Z,device_378,image_detection,high,7168.0,0.75,500,0.35,50.0
2026-05-22T15:36:26.037718Z,device_379,image_detection,low,8192.0,0.15,5000,0.35,9.0
2026-05-22T15:36:28.037718Z,device_380,temperature_report,high,6144.0,0.75,500,0.28,34.0
2026-05-22T15:36:30.037718Z,device_381,image_detection,medium,6144.0,0.45,1500,0.24,49.0
2026-05-22T15:36:32.037718Z,device_382,temperature_report,high,6144.0,0.75,500,0.21,16.0
2026-05-22T15:36:34.037718Z,device_383,temperature_report,medium,7168.0,0.45,1500,0.23,43.0
2026-05-22T15:36:36.037718Z,device_384,image_detection,medium,9216.0,0.45,1500,0.4,48.0
2026-05-22T15:36:38.037718Z,device_385,image_detection,low,10240.0,0.15,5000,0.86,12.0
2026-05-22T15:36:40.037718Z,device_386,image_detection,low,4096.0,0.15,5000,0.06,38.0
2026-05-22T15:36:42.037718Z,device_387,image_detection,medium,10240.0,0.45,1500,0.96,41.0
2026-05-22T15:36:44.037718Z,device_388,temperature_report,high,9216.0,0.75,500,0.85,23.0
2026-05-22T15:36:46.037718Z,device_389,temperature_report,medium,9216.0,0.45,1500,0.27,20.0
2026-05-22T15:36:48.037718Z,device_390,temperature_report,high,4096.0,0.75,500,0.92,17.0
2026-05-22T15:36:50.037718Z,device_391,image_detection,medium,5120.0,0.45,1500,0.17,38.0
2026-05-22T15:36:52.037718Z,device_392,image_detection,high,5120.0,0.75,500,0.89,8.0
2026-05-22T15:36:54.037718Z,device_393,image_detection,medium,4096.0,0.45,1500,0.95,22.0
2026-05-22T15:36:56.037718Z,device_394,image_detection,high,4096.0,0.75,500,0.61,32.0
2026-05-22T15:36:58.037718Z,device_395,image_detection,low,8192.0,0.15,5000,0.43,36.0
2026-05-22T15:37:00.037718Z,device_396,image_detection,low,7168.0,0.15,5000,0.62,42.0
2026-05-22T15:37:02.037718Z,device_397,temperature_report,medium,6144.0,0.45,1500,0.9,5.0
2026-05-22T15:37:04.037718Z,device_398,image_detection,medium,3072.0,0.45,1500,0.52,17.0
2026-05-22T15:37:06.037718Z,device_399,image_detection,medium,9216.0,0.45,1500,0.89,32.0
2026-05-22T15:37:08.037718Z,device_400,temperature_report,low,6144.0,0.15,5000,0.65,27.0
2026-05-22T15:37:10.037718Z,device_401,image_detection,medium,2048.0,0.45,1500,0.55,48.0
2026-05-22T15:37:12.037718Z,device_402,image_detection,high,1024.0,0.75,500,0.4,34.0
2026-05-22T15:37:14.037718Z,device_403,image_detection,high,5120.0,0.75,500,0.62,6.0
2026-05-22T15:37:16.037718Z,device_404,temperature_report,low,9216.0,0.15,5000,0.31,21.0
2026-05-22T15:37:18.037718Z,device_405,image_detection,high,1024.0,0.75,500,0.44,27.0
2026-05-22T15:37:20.037718Z,device_406,image_detection,low,4096.0,0.15,5000,0.13,14.0
2026-05-22T15:37:22.037718Z,device_407,image_detection,medium,7168.0,0.45,1500,0.86,32.0
2026-05-22T15:37:24.037718Z,device_408,temperature_report,medium,5120.0,0.45,1500,0.17,37.0
2026-05-22T15:37:26.037718Z,device_409,image_detection,medium,1024.0,0.45,1500,0.26,46.0
2026-05-22T15:37:28.037718Z,device_410,temperature_report,high,5120.0,0.75,500,0.9,8.0
2026-05-22T15:37:30.037718Z,device_411,image_detection,medium,4096.0,0.45,1500,0.71,35.0
2026-05-22T15:37:32.037718Z,device_412,image_detection,medium,9216.0,0.45,1500,0.7,44.0
2026-05-22T15:37:34.037718Z,device_413,image_detection,high,7168.0,0.75,500,0.47,27.0
2026-05-22T15:37:36.037718Z,device_414,image_detection,medium,1024.0,0.45,1500,0.96,24.0
2026-05-22T15:37:38.037718Z,device_415,image_detection,medium,5120.0,0.45,1500,0.43,9.0
2026-05-22T15:37:40.037718Z,device_416,image_detection,medium,10240.0,0.45,1500,0.67,39.0
2026-05-22T15:37:42.037718Z,device_417,image_detection,low,9216.0,0.15,5000,0.17,33.0
2026-05-22T15:37:44.037718Z,device_418,image_detection,high,1024.0,0.75,500,0.37,44.0
2026-05-22T15:37:46.037718Z,device_419,image_detection,low,4096.0,0.15,5000,0.21,5.0
2026-05-22T15:37:48.037718Z,device_420,image_detection,high,7168.0,0.75,500,0.5,18.0
2026-05-22T15:37:50.037718Z,device_421,image_detection,medium,3072.0,0.45,1500,0.3,17.0
2026-05-22T15:37:52.037718Z,device_422,image_detection,medium,8192.0,0.45,1500,0.06,17.0
2026-05-22T15:37:54.037718Z,device_423,temperature_report,medium,9216.0,0.45,1500,0.95,30.0
2026-05-22T15:37:56.037718Z,device_424,image_detection,high,10240.0,0.75,500,0.65,13.0
2026-05-22T15:37:58.037718Z,device_425,image_detection,low,5120.0,0.15,5000,0.7,50.0
2026-05-22T15:38:00.037718Z,device_426,temperature_report,low,8192.0,0.15,5000,0.57,47.0
2026-05-22T15:38:02.037718Z,device_427,temperature_report,medium,5120.0,0.45,1500,0.42,43.0
2026-05-22T15:38:04.037718Z,device_428,temperature_report,high,6144.0,0.75,500,0.1,29.0
2026-05-22T15:38:06.037718Z,device_429,image_detection,medium,1024.0,0.45,1500,0.26,48.0
2026-05-22T15:38:08.037718Z,device_430,temperature_report,low,2048.0,0.15,5000,0.13,8.0
2026-05-22T15:38:10.037718Z,device_431,image_detection,medium,6144.0,0.45,1500,0.86,47.0
2026-05-22T15:38:12.037718Z,device_432,image_detection,low,2048.0,0.15,5000,0.32,30.0
2026-05-22T15:38:14.037718Z,device_433,temperature_report,low,4096.0,0.15,5000,0.16,19.0
2026-05-22T15:38:16.037718Z,device_434,image_detection,low,4096.0,0.15,5000,0.31,25.0
2026-05-22T15:38:18.037718Z,device_435,image_detection,medium,7168.0,0.45,1500,0.62,47.0
2026-05-22T15:38:20.037718Z,device_436,temperature_report,low,3072.0,0.15,5000,0.74,9.0
2026-05-22T15:38:22.037718Z,device_437,image_detection,low,2048.0,0.15,5000,0.41,10.0
2026-05-22T15:38:24.037718Z,device_438,image_detection,low,1024.0,0.15,5000,0.72,26.0
2026-05-22T15:38:26.037718Z,device_439,temperature_report,high,3072.0,0.75,500,0.89,39.0
2026-05-22T15:38:28.037718Z,device_440,image_detection,high,8192.0,0.75,500,0.53,17.0
2026-05-22T15:38:30.037718Z,device_441,temperature_report,high,3072.0,0.75,500,0.65,48.0
2026-05-22T15:38:32.037718Z,device_442,image_detection,low,4096.0,0.15,5000,0.54,30.0
2026-05-22T15:38:34.037718Z,device_443,image_detection,medium,5120.0,0.45,1500,0.44,5.0
2026-05-22T15:38:36.037718Z,device_444,temperature_report,high,8192.0,0.75,500,0.74,33.0
2026-05-22T15:38:38.037718Z,device_445,image_detection,low,2048.0,0.15,5000,0.58,42.0
2026-05-22T15:38:40.037718Z,device_446,temperature_report,low,6144.0,0.15,5000,0.39,32.0
2026-05-22T15:38:42.037718Z,device_447,image_detection,low,2048.0,0.15,5000,0.17,10.0
2026-05-22T15:38:44.037718Z,device_448,image_detection,high,2048.0,0.75,500,0.68,22.0
2026-05-22T15:38:46.037718Z,device_449,temperature_report,low,6144.0,0.15,5000,0.84,39.0
2026-05-22T15:38:48.037718Z,device_450,image_detection,high,4096.0,0.75,500,0.71,24.0
2026-05-22T15:38:50.037718Z,device_451,image_detection,low,4096.0,0.15,5000,0.13,14.0
2026-05-22T15:38:52.037718Z,device_452,image_detection,low,6144.0,0.15,5000,0.17,33.0
2026-05-22T15:38:54.037718Z,device_453,image_detection,low,1024.0,0.15,5000,0.2,41.0
2026-05-22T15:38:56.037718Z,device_454,image_detection,medium,3072.0,0.45,1500,0.09,47.0
2026-05-22T15:38:58.037718Z,device_455,image_detection,low,2048.0,0.15,5000,0.92,33.0
2026-05-22T15:39:00.037718Z,device_456,image_detection,low,8192.0,0.15,5000,0.87,17.0
2026-05-22T15:39:02.037718Z,device_457,temperature_report,high,9216.0,0.75,500,0.55,15.0
2026-05-22T15:39:04.037718Z,device_458,temperature_report,low,5120.0,0.15,5000,0.08,50.0
2026-05-22T15:39:06.037718Z,device_459,image_detection,low,7168.0,0.15,5000,0.97,6.0
2026-05-22T15:39:08.037718Z,device_460,temperature_report,high,2048.0,0.75,500,0.39,47.0
2026-05-22T15:39:10.037718Z,device_461,image_detection,medium,10240.0,0.45,1500,0.89,13.0
2026-05-22T15:39:12.037718Z,device_462,image_detection,high,5120.0,0.75,500,0.5,8.0
2026-05-22T15:39:14.037718Z,device_463,image_detection,low,2048.0,0.15,5000,0.56,16.0
2026-05-22T15:39:16.037718Z,device_464,image_detection,high,5120.0,0.75,500,1.0,15.0
2026-05-22T15:39:18.037718Z,device_465,image_detection,medium,7168.0,0.45,1500,0.18,41.0
2026-05-22T15:39:20.037718Z,device_466,image_detection,low,4096.0,0.15,5000,0.15,33.0
2026-05-22T15:39:22.037718Z,device_467,image_detection,high,5120.0,0.75,500,0.12,34.0
2026-05-22T15:39:24.037718Z,device_468,temperature_report,high,2048.0,0.75,500,0.83,17.0
2026-05-22T15:39:26.037718Z,device_469,image_detection,medium,9216.0,0.45,1500,0.71,20.0
2026-05-22T15:39:28.037718Z,device_470,temperature_report,high,7168.0,0.75,500,0.76,37.0
2026-05-22T15:39:30.037718Z,device_471,image_detection,medium,3072.0,0.45,1500,0.87,11.0
2026-05-22T15:39:32.037718Z,device_472,temperature_report,medium,9216.0,0.45,1500,0.19,44.0
2026-05-22T15:39:34.037718Z,device_473,image_detection,low,1024.0,0.15,5000,0.23,20.0
2026-05-22T15:39:36.037718Z,device_474,image_detection,low,10240.0,0.15,5000,0.96,39.0
2026-05-22T15:39:38.037718Z,device_475,image_detection,high,7168.0,0.75,500,0.9,6.0
2026-05-22T15:39:40.037718Z,device_476,image_detection,low,10240.0,0.15,5000,0.16,21.0
2026-05-22T15:39:42.037718Z,device_477,image_detection,medium,7168.0,0.45,1500,0.42,25.0
2026-05-22T15:39:44.037718Z,device_478,image_detection,low,5120.0,0.15,5000,0.65,5.0
2026-05-22T15:39:46.037718Z,device_479,image_detection,low,9216.0,0.15,5000,0.89,45.0
2026-05-22T15:39:48.037718Z,device_480,temperature_report,medium,10240.0,0.45,1500,0.25,28.0
2026-05-22T15:39:50.037718Z,device_481,image_detection,high,5120.0,0.75,500,0.59,44.0
2026-05-22T15:39:52.037718Z,device_482,temperature_report,medium,3072.0,0.45,1500,0.18,7.0
2026-05-22T15:39:54.037718Z,device_483,image_detection,low,7168.0,0.15,5000,0.64,31.0
2026-05-22T15:39:56.037718Z,device_484,temperature_report,low,6144.0,0.15,5000,0.22,24.0
2026-05-22T15:39:58.037718Z,device_485,image_detection,medium,2048.0,0.45,1500,0.74,31.0
2026-05-22T15:40:00.037718Z,device_486,image_detection,low,6144.0,0.15,5000,0.04,28.0
2026-05-22T15:40:02.037718Z,device_487,image_detection,high,9216.0,0.75,500,0.27,6.0
2026-05-22T15:40:04.037718Z,device_488,image_detection,low,9216.0,0.15,5000,0.1,13.0
2026-05-22T15:40:06.037718Z,device_489,image_detection,low,10240.0,0.15,5000,0.39,28.0
2026-05-22T15:40:08.037718Z,device_490,image_detection,high,9216.0,0.75,500,0.27,40.0
2026-05-22T15:40:10.037718Z,device_491,temperature_report,low,8192.0,0.15,5000,0.47,33.0
2026-05-22T15:40:12.037718Z,device_492,image_detection,low,7168.0,0.15,5000,0.07,47.0
2026-05-22T15:40:14.037718Z,device_493,temperature_report,low,5120.0,0.15,5000,0.84,48.0
2026-05-22T15:40:16.037718Z,device_494,image_detection,high,5120.0,0.75,500,0.47,36.0
2026-05-22T15:40:18.037718Z,device_495,image_detection,medium,4096.0,0.45,1500,0.87,25.0
2026-05-22T15:40:20.037718Z,device_496,image_detection,low,10240.0,0.15,5000,0.68,31.0
2026-05-22T15:40:22.037718Z,device_497,temperature_report,low,6144.0,0.15,5000,0.22,26.0
2026-05-22T15:40:24.037718Z,device_498,image_detection,high,9216.0,0.75,500,0.97,5.0
2026-05-22T15:40:26.037718Z,device_499,image_detection,low,7168.0,0.15,5000,0.52,15.0
2026-05-22T15:40:28.037718Z,device_500,temperature_report,low,8192.0,0.15,5000,0.28,49.0
2026-05-22T15:40:30.037718Z,device_501,image_detection,low,4096.0,0.15,5000,0.88,6.0
2026-05-22T15:40:32.037718Z,device_502,temperature_report,low,10240.0,0.15,5000,0.87,50.0
2026-05-22T15:40:34.037718Z,device_503,temperature_report,high,6144.0,0.75,500,0.87,42.0
2026-05-22T15:40:36.037718Z,device_504,image_detection,high,5120.0,0.75,500,0.06,35.0
2026-05-22T15:40:38.037718Z,device_505,image_detection,high,4096.0,0.75,500,0.45,49.0
2026-05-22T15:40:40.037718Z,device_506,temperature_report,high,8192.0,0.75,500,0.83,40.0
2026-05-22T15:40:42.037718Z,device_507,image_detection,low,5120.0,0.15,5000,0.83,11.0
2026-05-22T15:40:44.037718Z,device_508,image_detection,low,4096.0,0.15,5000,0.66,34.0
2026-05-22T15:40:46.037718Z,device_509,temperature_report,low,2048.0,0.15,5000,0.61,37.0
2026-05-22T15:40:48.037718Z,device_510,image_detection,high,3072.0,0.75,500,0.33,42.0
2026-05-22T15:40:50.037718Z,device_511,image_detection,high,9216.0,0.75,500,0.84,7.0
2026-05-22T15:40:52.037718Z,device_512,temperature_report,high,7168.0,0.75,500,0.21,39.0
2026-05-22T15:40:54.037718Z,device_513,temperature_report,high,2048.0,0.75,500,0.64,49.0
2026-05-22T15:40:56.037718Z,device_514,image_detection,high,2048.0,0.75,500,0.41,37.0
2026-05-22T15:40:58.037718Z,device_515,image_detection,medium,9216.0,0.45,1500,0.74,19.0
2026-05-22T15:41:00.037718Z,device_516,temperature_report,medium,8192.0,0.45,1500,0.97,14.0
2026-05-22T15:41:02.037718Z,device_517,temperature_report,medium,2048.0,0.45,1500,0.88,45.0
2026-05-22T15:41:04.037718Z,device_518,image_detection,medium,3072.0,0.45,1500,0.51,29.0
2026-05-22T15:41:06.037718Z,device_519,temperature_report,high,7168.0,0.75,500,0.63,49.0
2026-05-22T15:41:08.037718Z,device_520,image_detection,medium,1024.0,0.45,1500,0.34,19.0
2026-05-22T15:41:10.037718Z,device_521,image_detection,low,1024.0,0.15,5000,0.3,42.0
2026-05-22T15:41:12.037718Z,device_522,image_detection,low,4096.0,0.15,5000,0.16,24.0
2026-05-22T15:41:14.037718Z,device_523,image_detection,medium,2048.0,0.45,1500,0.96,30.0
2026-05-22T15:41:16.037718Z,device_524,image_detection,high,1024.0,0.75,500,0.08,40.0
2026-05-22T15:41:18.037718Z,device_525,temperature_report,low,4096.0,0.15,5000,0.82,34.0
2026-05-22T15:41:20.037718Z,device_526,temperature_report,medium,10240.0,0.45,1500,0.37,18.0
2026-05-22T15:41:22.037718Z,device_527,temperature_report,medium,8192.0,0.45,1500,0.15,11.0
2026-05-22T15:41:24.037718Z,device_528,image_detection,low,1024.0,0.15,5000,0.97,15.0
2026-05-22T15:41:26.037718Z,device_529,temperature_report,low,3072.0,0.15,5000,0.16,38.0
2026-05-22T15:41:28.037718Z,device_530,temperature_report,high,1024.0,0.75,500,0.2,13.0
2026-05-22T15:41:30.037718Z,device_531,image_detection,high,4096.0,0.75,500,0.85,10.0
2026-05-22T15:41:32.037718Z,device_532,image_detection,low,5120.0,0.15,5000,0.34,38.0
2026-05-22T15:41:34.037718Z,device_533,temperature_report,high,3072.0,0.75,500,0.55,33.0
2026-05-22T15:41:36.037718Z,device_534,image_detection,medium,4096.0,0.45,1500,0.0,50.0
2026-05-22T15:41:38.037718Z,device_535,temperature_report,medium,6144.0,0.45,1500,0.22,40.0
2026-05-22T15:41:40.037718Z,device_536,image_detection,high,1024.0,0.75,500,0.85,8.0
2026-05-22T15:41:42.037718Z,device_537,image_detection,high,1024.0,0.75,500,0.79,22.0
2026-05-22T15:41:44.037718Z,device_538,image_detection,high,8192.0,0.75,500,0.88,46.0
2026-05-22T15:41:46.037718Z,device_539,image_detection,high,5120.0,0.75,500,0.16,21.0
2026-05-22T15:41:48.037718Z,device_540,image_detection,medium,7168.0,0.45,1500,0.43,41.0
2026-05-22T15:41:50.037718Z,device_541,temperature_report,medium,3072.0,0.45,1500,0.03,31.0
2026-05-22T15:41:52.037718Z,device_542,image_detection,high,10240.0,0.75,500,0.75,49.0
2026-05-22T15:41:54.037718Z,device_543,temperature_report,high,6144.0,0.75,500,0.64,41.0
2026-05-22T15:41:56.037718Z,device_544,image_detection,medium,6144.0,0.45,1500,0.64,19.0
2026-05-22T15:41:58.037718Z,device_545,image_detection,medium,10240.0,0.45,1500,0.65,12.0
2026-05-22T15:42:00.037718Z,device_546,temperature_report,high,9216.0,0.75,500,0.89,47.0
2026-05-22T15:42:02.037718Z,device_547,image_detection,medium,2048.0,0.45,1500,0.83,19.0
2026-05-22T15:42:04.037718Z,device_548,image_detection,medium,2048.0,0.45,1500,0.3,22.0
2026-05-22T15:42:06.037718Z,device_549,image_detection,medium,7168.0,0.45,1500,0.46,21.0
2026-05-22T15:42:08.037718Z,device_550,image_detection,high,6144.0,0.75,500,0.99,16.0
2026-05-22T15:42:10.037718Z,device_551,image_detection,high,6144.0,0.75,500,0.65,39.0
2026-05-22T15:42:12.037718Z,device_552,image_detection,medium,1024.0,0.45,1500,0.67,37.0
2026-05-22T15:42:14.037718Z,device_553,image_detection,low,10240.0,0.15,5000,0.76,25.0
2026-05-22T15:42:16.037718Z,device_554,temperature_report,medium,7168.0,0.45,1500,0.8,39.0
2026-05-22T15:42:18.037718Z,device_555,temperature_report,low,1024.0,0.15,5000,0.36,39.0
2026-05-22T15:42:20.037718Z,device_556,image_detection,medium,8192.0,0.45,1500,0.17,6.0
2026-05-22T15:42:22.037718Z,device_557,image_detection,high,6144.0,0.75,500,0.42,19.0
2026-05-22T15:42:24.037718Z,device_558,image_detection,high,8192.0,0.75,500,0.55,8.0
2026-05-22T15:42:26.037718Z,device_559,image_detection,high,3072.0,0.75,500,0.84,23.0
2026-05-22T15:42:28.037718Z,device_560,image_detection,high,9216.0,0.75,500,0.54,8.0
2026-05-22T15:42:30.037718Z,device_561,image_detection,high,10240.0,0.75,500,0.02,33.0
2026-05-22T15:42:32.037718Z,device_562,image_detection,low,8192.0,0.15,5000,0.33,44.0
2026-05-22T15:42:34.037718Z,device_563,temperature_report,medium,2048.0,0.45,1500,0.9,22.0
2026-05-22T15:42:36.037718Z,device_564,image_detection,medium,6144.0,0.45,1500,0.67,12.0
2026-05-22T15:42:38.037718Z,device_565,image_detection,low,10240.0,0.15,5000,0.88,50.0
2026-05-22T15:42:40.037718Z,device_566,image_detection,high,8192.0,0.75,500,0.56,28.0
2026-05-22T15:42:42.037718Z,device_567,image_detection,low,2048.0,0.15,5000,0.31,11.0
2026-05-22T15:42:44.037718Z,device_568,temperature_report,high,3072.0,0.75,500,0.02,42.0
2026-05-22T15:42:46.037718Z,device_569,temperature_report,low,2048.0,0.15,5000,0.01,16.0
2026-05-22T15:42:48.037718Z,device_570,temperature_report,low,10240.0,0.15,5000,0.34,41.0
2026-05-22T15:42:50.037718Z,device_571,temperature_report,low,4096.0,0.15,5000,0.09,24.0
2026-05-22T15:42:52.037718Z,device_572,image_detection,low,5120.0,0.15,5000,0.89,19.0
2026-05-22T15:42:54.037718Z,device_573,temperature_report,low,9216.0,0.15,5000,0.56,5.0
2026-05-22T15:42:56.037718Z,device_574,image_detection,medium,8192.0,0.45,1500,0.43,45.0
2026-05-22T15:42:58.037718Z,device_575,image_detection,low,8192.0,0.15,5000,0.28,11.0
2026-05-22T15:43:00.037718Z,device_576,image_detection,high,4096.0,0.75,500,0.26,40.0
2026-05-22T15:43:02.037718Z,device_577,image_detection,medium,10240.0,0.45,1500,0.69,27.0
2026-05-22T15:43:04.037718Z,device_578,image_detection,low,8192.0,0.15,5000,0.69,35.0
2026-05-22T15:43:06.037718Z,device_579,image_detection,low,7168.0,0.15,5000,0.27,29.0
2026-05-22T15:43:08.037718Z,device_580,temperature_report,low,1024.0,0.15,5000,0.38,25.0
2026-05-22T15:43:10.037718Z,device_581,temperature_report,medium,9216.0,0.45,1500,0.4,24.0
2026-05-22T15:43:12.037718Z,device_582,temperature_report,low,10240.0,0.15,5000,0.35,47.0
2026-05-22T15:43:14.037718Z,device_583,image_detection,high,7168.0,0.75,500,0.85,41.0
2026-05-22T15:43:16.037718Z,device_584,image_detection,medium,4096.0,0.45,1500,0.08,49.0
2026-05-22T15:43:18.037718Z,device_585,image_detection,medium,3072.0,0.45,1500,0.96,12.0
2026-05-22T15:43:20.037718Z,device_586,image_detection,low,1024.0,0.15,5000,0.34,24.0
2026-05-22T15:43:22.037718Z,device_587,image_detection,low,7168.0,0.15,5000,0.24,17.0
2026-05-22T15:43:24.037718Z,device_588,image_detection,high,5120.0,0.75,500,0.62,27.0
2026-05-22T15:43:26.037718Z,device_589,image_detection,high,3072.0,0.75,500,0.06,43.0
2026-05-22T15:43:28.037718Z,device_590,temperature_report,high,8192.0,0.75,500,0.23,12.0
2026-05-22T15:43:30.037718Z,device_591,image_detection,medium,5120.0,0.45,1500,0.73,12.0
2026-05-22T15:43:32.037718Z,device_592,image_detection,medium,4096.0,0.45,1500,0.89,48.0
2026-05-22T15:43:34.037718Z,device_593,image_detection,low,4096.0,0.15,5000,0.66,31.0
2026-05-22T15:43:36.037718Z,device_594,image_detection,high,6144.0,0.75,500,0.02,9.0
2026-05-22T15:43:38.037718Z,device_595,image_detection,high,4096.0,0.75,500,0.7,30.0
2026-05-22T15:43:40.037718Z,device_596,image_detection,medium,3072.0,0.45,1500,0.65,38.0
2026-05-22T15:43:42.037718Z,device_597,image_detection,medium,2048.0,0.45,1500,0.58,40.0
2026-05-22T15:43:44.037718Z,device_598,image_detection,low,5120.0,0.15,5000,0.04,33.0
2026-05-22T15:43:46.037718Z,device_599,temperature_report,high,8192.0,0.75,500,0.35,14.0
2026-05-22T15:43:48.037718Z,device_600,temperature_report,low,5120.0,0.15,5000,0.84,25.0
2026-05-22T15:43:50.037718Z,device_601,image_detection,low,1024.0,0.15,5000,0.56,48.0
2026-05-22T15:43:52.037718Z,device_602,image_detection,high,3072.0,0.75,500,0.04,44.0
2026-05-22T15:43:54.037718Z,device_603,image_detection,medium,9216.0,0.45,1500,0.96,6.0
2026-05-22T15:43:56.037718Z,device_604,temperature_report,high,1024.0,0.75,500,0.61,5.0
2026-05-22T15:43:58.037718Z,device_605,image_detection,medium,9216.0,0.45,1500,0.06,44.0
2026-05-22T15:44:00.037718Z,device_606,image_detection,low,4096.0,0.15,5000,0.63,6.0
2026-05-22T15:44:02.037718Z,device_607,temperature_report,medium,3072.0,0.45,1500,0.46,14.0
2026-05-22T15:44:04.037718Z,device_608,temperature_report,medium,4096.0,0.45,1500,0.34,22.0
2026-05-22T15:44:06.037718Z,device_609,image_detection,medium,6144.0,0.45,1500,0.51,9.0
2026-05-22T15:44:08.037718Z,device_610,temperature_report,high,3072.0,0.75,500,0.71,16.0
2026-05-22T15:44:10.037718Z,device_611,image_detection,high,9216.0,0.75,500,0.0,24.0
2026-05-22T15:44:12.037718Z,device_612,image_detection,low,6144.0,0.15,5000,0.39,27.0
2026-05-22T15:44:14.037718Z,device_613,image_detection,medium,5120.0,0.45,1500,0.92,11.0
2026-05-22T15:44:16.037718Z,device_614,temperature_report,medium,1024.0,0.45,1500,0.83,46.0
2026-05-22T15:44:18.037718Z,device_615,image_detection,high,5120.0,0.75,500,0.29,8.0
2026-05-22T15:44:20.037718Z,device_616,image_detection,high,1024.0,0.75,500,0.19,17.0
2026-05-22T15:44:22.037718Z,device_617,image_detection,low,1024.0,0.15,5000,0.06,10.0
2026-05-22T15:44:24.037718Z,device_618,image_detection,high,9216.0,0.75,500,0.37,37.0
2026-05-22T15:44:26.037718Z,device_619,temperature_report,medium,5120.0,0.45,1500,0.97,10.0
2026-05-22T15:44:28.037718Z,device_620,temperature_report,medium,8192.0,0.45,1500,0.33,43.0
2026-05-22T15:44:30.037718Z,device_621,image_detection,low,9216.0,0.15,5000,0.32,12.0
2026-05-22T15:44:32.037718Z,device_622,temperature_report,medium,4096.0,0.45,1500,0.7,9.0
2026-05-22T15:44:34.037718Z,device_623,temperature_report,high,3072.0,0.75,500,0.74,46.0
2026-05-22T15:44:36.037718Z,device_624,temperature_report,high,10240.0,0.75,500,0.54,33.0
2026-05-22T15:44:38.037718Z,device_625,image_detection,low,3072.0,0.15,5000,0.36,28.0
2026-05-22T15:44:40.037718Z,device_626,temperature_report,low,7168.0,0.15,5000,0.76,18.0
2026-05-22T15:44:42.037718Z,device_627,temperature_report,high,7168.0,0.75,500,0.25,19.0
2026-05-22T15:44:44.037718Z,device_628,temperature_report,high,2048.0,0.75,500,0.31,42.0
2026-05-22T15:44:46.037718Z,device_629,image_detection,medium,9216.0,0.45,1500,0.89,48.0
2026-05-22T15:44:48.037718Z,device_630,image_detection,high,3072.0,0.75,500,0.18,22.0
2026-05-22T15:44:50.037718Z,device_631,image_detection,low,7168.0,0.15,5000,0.2,15.0
2026-05-22T15:44:52.037718Z,device_632,image_detection,high,3072.0,0.75,500,0.8,5.0
2026-05-22T15:44:54.037718Z,device_633,temperature_report,high,9216.0,0.75,500,0.69,38.0
2026-05-22T15:44:56.037718Z,device_634,temperature_report,medium,5120.0,0.45,1500,0.18,16.0
2026-05-22T15:44:58.037718Z,device_635,image_detection,low,2048.0,0.15,5000,0.05,49.0
2026-05-22T15:45:00.037718Z,device_636,image_detection,high,6144.0,0.75,500,0.23,16.0
2026-05-22T15:45:02.037718Z,device_637,image_detection,low,9216.0,0.15,5000,0.66,19.0
2026-05-22T15:45:04.037718Z,device_638,temperature_report,high,1024.0,0.75,500,0.69,30.0
2026-05-22T15:45:06.037718Z,device_639,temperature_report,high,3072.0,0.75,500,0.9,40.0
2026-05-22T15:45:08.037718Z,device_640,temperature_report,low,1024.0,0.15,5000,0.15,43.0
2026-05-22T15:45:10.037718Z,device_641,image_detection,medium,7168.0,0.45,1500,0.59,32.0
2026-05-22T15:45:12.037718Z,device_642,temperature_report,low,10240.0,0.15,5000,0.91,48.0
2026-05-22T15:45:14.037718Z,device_643,temperature_report,medium,1024.0,0.45,1500,0.56,19.0
2026-05-22T15:45:16.037718Z,device_644,temperature_report,low,5120.0,0.15,5000,0.48,18.0
2026-05-22T15:45:18.037718Z,device_645,temperature_report,medium,9216.0,0.45,1500,0.98,18.0
2026-05-22T15:45:20.037718Z,device_646,image_detection,high,8192.0,0.75,500,0.34,41.0
2026-05-22T15:45:22.037718Z,device_647,image_detection,medium,9216.0,0.45,1500,0.34,7.0
2026-05-22T15:45:24.037718Z,device_648,image_detection,low,8192.0,0.15,5000,0.64,8.0
2026-05-22T15:45:26.037718Z,device_649,image_detection,medium,7168.0,0.45,1500,0.46,47.0
2026-05-22T15:45:28.037718Z,device_650,image_detection,high,6144.0,0.75,500,0.01,21.0
2026-05-22T15:45:30.037718Z,device_651,image_detection,low,10240.0,0.15,5000,0.02,30.0
2026-05-22T15:45:32.037718Z,device_652,temperature_report,medium,7168.0,0.45,1500,0.57,37.0
2026-05-22T15:45:34.037718Z,device_653,temperature_report,high,6144.0,0.75,500,0.35,8.0
2026-05-22T15:45:36.037718Z,device_654,image_detection,high,3072.0,0.75,500,0.88,11.0
2026-05-22T15:45:38.037718Z,device_655,image_detection,low,4096.0,0.15,5000,0.71,28.0
2026-05-22T15:45:40.037718Z,device_656,image_detection,medium,8192.0,0.45,1500,0.71,34.0
2026-05-22T15:45:42.037718Z,device_657,image_detection,medium,2048.0,0.45,1500,0.98,21.0
2026-05-22T15:45:44.037718Z,device_658,image_detection,high,4096.0,0.75,500,0.52,29.0
2026-05-22T15:45:46.037718Z,device_659,image_detection,low,6144.0,0.15,5000,0.27,49.0
2026-05-22T15:45:48.037718Z,device_660,image_detection,low,1024.0,0.15,5000,0.09,14.0
2026-05-22T15:45:50.037718Z,device_661,image_detection,high,2048.0,0.75,500,0.09,25.0
2026-05-22T15:45:52.037718Z,device_662,image_detection,medium,10240.0,0.45,1500,0.69,46.0
2026-05-22T15:45:54.037718Z,device_663,image_detection,medium,6144.0,0.45,1500,0.57,41.0
2026-05-22T15:45:56.037718Z,device_664,image_detection,high,8192.0,0.75,500,0.45,22.0
2026-05-22T15:45:58.037718Z,device_665,image_detection,low,3072.0,0.15,5000,0.29,17.0
2026-05-22T15:46:00.037718Z,device_666,image_detection,medium,1024.0,0.45,1500,0.47,45.0
2026-05-22T15:46:02.037718Z,device_667,temperature_report,low,7168.0,0.15,5000,0.88,46.0
2026-05-22T15:46:04.037718Z,device_668,temperature_report,low,3072.0,0.15,5000,0.91,37.0
2026-05-22T15:46:06.037718Z,device_669,image_detection,medium,10240.0,0.45,1500,0.44,27.0
2026-05-22T15:46:08.037718Z,device_670,image_detection,high,4096.0,0.75,500,0.56,36.0
2026-05-22T15:46:10.037718Z,device_671,image_detection,medium,4096.0,0.45,1500,0.17,35.0
2026-05-22T15:46:12.037718Z,device_672,temperature_report,high,9216.0,0.75,500,0.11,44.0
2026-05-22T15:46:14.037718Z,device_673,image_detection,medium,3072.0,0.45,1500,0.26,45.0
2026-05-22T15:46:16.037718Z,device_674,temperature_report,low,9216.0,0.15,5000,0.08,22.0
2026-05-22T15:46:18.037718Z,device_675,temperature_report,medium,9216.0,0.45,1500,0.84,22.0
2026-05-22T15:46:20.037718Z,device_676,image_detection,high,4096.0,0.75,500,0.65,34.0
2026-05-22T15:46:22.037718Z,device_677,image_detection,medium,3072.0,0.45,1500,0.2,14.0
2026-05-22T15:46:24.037718Z,device_678,image_detection,medium,3072.0,0.45,1500,0.4,14.0
2026-05-22T15:46:26.037718Z,device_679,image_detection,high,7168.0,0.75,500,0.78,5.0
2026-05-22T15:46:28.037718Z,device_680,image_detection,low,6144.0,0.15,5000,0.19,23.0
2026-05-22T15:46:30.037718Z,device_681,temperature_report,high,3072.0,0.75,500,0.17,44.0
2026-05-22T15:46:32.037718Z,device_682,image_detection,low,2048.0,0.15,5000,0.41,11.0
2026-05-22T15:46:34.037718Z,device_683,image_detection,low,7168.0,0.15,5000,0.79,8.0
2026-05-22T15:46:36.037718Z,device_684,image_detection,medium,7168.0,0.45,1500,0.56,36.0
2026-05-22T15:46:38.037718Z,device_685,image_detection,high,2048.0,0.75,500,0.19,24.0
2026-05-22T15:46:40.037718Z,device_686,image_detection,medium,1024.0,0.45,1500,0.39,14.0
2026-05-22T15:46:42.037718Z,device_687,image_detection,high,5120.0,0.75,500,0.97,7.0
2026-05-22T15:46:44.037718Z,device_688,temperature_report,low,7168.0,0.15,5000,0.52,11.0
2026-05-22T15:46:46.037718Z,device_689,image_detection,medium,5120.0,0.45,1500,0.69,42.0
2026-05-22T15:46:48.037718Z,device_690,image_detection,low,2048.0,0.15,5000,0.78,46.0
2026-05-22T15:46:50.037718Z,device_691,image_detection,medium,9216.0,0.45,1500,0.81,11.0
2026-05-22T15:46:52.037718Z,device_692,image_detection,high,8192.0,0.75,500,0.72,19.0
2026-05-22T15:46:54.037718Z,device_693,image_detection,low,4096.0,0.15,5000,0.04,41.0
2026-05-22T15:46:56.037718Z,device_694,image_detection,high,9216.0,0.75,500,0.13,19.0
2026-05-22T15:46:58.037718Z,device_695,image_detection,low,2048.0,0.15,5000,0.01,47.0
2026-05-22T15:47:00.037718Z,device_696,image_detection,high,1024.0,0.75,500,0.58,39.0
2026-05-22T15:47:02.037718Z,device_697,temperature_report,high,2048.0,0.75,500,0.87,9.0
2026-05-22T15:47:04.037718Z,device_698,temperature_report,high,2048.0,0.75,500,0.92,40.0
2026-05-22T15:47:06.037718Z,device_699,temperature_report,low,7168.0,0.15,5000,0.39,37.0
2026-05-22T15:47:08.037718Z,device_700,image_detection,medium,10240.0,0.45,1500,0.49,47.0
2026-05-22T15:47:10.037718Z,device_701,image_detection,low,2048.0,0.15,5000,0.34,9.0
2026-05-22T15:47:12.037718Z,device_702,image_detection,low,4096.0,0.15,5000,0.13,39.0
2026-05-22T15:47:14.037718Z,device_703,temperature_report,high,8192.0,0.75,500,0.56,12.0
2026-05-22T15:47:16.037718Z,device_704,temperature_report,high,3072.0,0.75,500,0.54,28.0
2026-05-22T15:47:18.037718Z,device_705,temperature_report,low,4096.0,0.15,5000,0.58,49.0
2026-05-22T15:47:20.037718Z,device_706,image_detection,medium,6144.0,0.45,1500,0.69,42.0
2026-05-22T15:47:22.037718Z,device_707,image_detection,low,6144.0,0.15,5000,0.04,41.0
2026-05-22T15:47:24.037718Z,device_708,image_detection,high,9216.0,0.75,500,0.62,23.0
2026-05-22T15:47:26.037718Z,device_709,temperature_report,medium,4096.0,0.45,1500,0.54,40.0
2026-05-22T15:47:28.037718Z,device_710,image_detection,high,7168.0,0.75,500,0.98,31.0
2026-05-22T15:47:30.037718Z,device_711,temperature_report,high,9216.0,0.75,500,0.16,26.0
2026-05-22T15:47:32.037718Z,device_712,image_detection,low,4096.0,0.15,5000,0.28,34.0
2026-05-22T15:47:34.037718Z,device_713,image_detection,high,4096.0,0.75,500,0.51,11.0
2026-05-22T15:47:36.037718Z,device_714,temperature_report,high,4096.0,0.75,500,0.96,34.0
2026-05-22T15:47:38.037718Z,device_715,temperature_report,low,9216.0,0.15,5000,0.64,11.0
2026-05-22T15:47:40.037718Z,device_716,image_detection,low,6144.0,0.15,5000,0.92,38.0
2026-05-22T15:47:42.037718Z,device_717,image_detection,high,8192.0,0.75,500,0.38,23.0
2026-05-22T15:47:44.037718Z,device_718,image_detection,medium,4096.0,0.45,1500,0.0,17.0
2026-05-22T15:47:46.037718Z,device_719,temperature_report,low,1024.0,0.15,5000,0.47,34.0
2026-05-22T15:47:48.037718Z,device_720,temperature_report,medium,10240.0,0.45,1500,0.71,45.0
2026-05-22T15:47:50.037718Z,device_721,image_detection,low,7168.0,0.15,5000,0.04,20.0
2026-05-22T15:47:52.037718Z,device_722,image_detection,low,9216.0,0.15,5000,0.68,9.0
2026-05-22T15:47:54.037718Z,device_723,temperature_report,low,8192.0,0.15,5000,0.06,14.0
2026-05-22T15:47:56.037718Z,device_724,image_detection,high,3072.0,0.75,500,0.76,11.0
2026-05-22T15:47:58.037718Z,device_725,image_detection,medium,3072.0,0.45,1500,0.13,30.0
2026-05-22T15:48:00.037718Z,device_726,image_detection,low,5120.0,0.15,5000,0.34,22.0
2026-05-22T15:48:02.037718Z,device_727,image_detection,low,3072.0,0.15,5000,0.13,24.0
2026-05-22T15:48:04.037718Z,device_728,image_detection,low,3072.0,0.15,5000,0.32,26.0
2026-05-22T15:48:06.037718Z,device_729,temperature_report,high,10240.0,0.75,500,0.34,42.0
2026-05-22T15:48:08.037718Z,device_730,temperature_report,medium,6144.0,0.45,1500,0.99,10.0
2026-05-22T15:48:10.037718Z,device_731,temperature_report,high,3072.0,0.75,500,0.03,49.0
2026-05-22T15:48:12.037718Z,device_732,image_detection,high,8192.0,0.75,500,0.19,32.0
2026-05-22T15:48:14.037718Z,device_733,image_detection,medium,2048.0,0.45,1500,0.63,32.0
2026-05-22T15:48:16.037718Z,device_734,temperature_report,high,9216.0,0.75,500,0.31,9.0
2026-05-22T15:48:18.037718Z,device_735,temperature_report,medium,4096.0,0.45,1500,0.0,23.0
2026-05-22T15:48:20.037718Z,device_736,image_detection,low,7168.0,0.15,5000,0.2,8.0
2026-05-22T15:48:22.037718Z,device_737,image_detection,low,8192.0,0.15,5000,0.87,8.0
2026-05-22T15:48:24.037718Z,device_738,temperature_report,low,3072.0,0.15,5000,0.05,37.0
2026-05-22T15:48:26.037718Z,device_739,temperature_report,low,4096.0,0.15,5000,0.87,10.0
2026-05-22T15:48:28.037718Z,device_740,temperature_report,high,7168.0,0.75,500,0.07,46.0
2026-05-22T15:48:30.037718Z,device_741,temperature_report,low,5120.0,0.15,5000,0.98,7.0
2026-05-22T15:48:32.037718Z,device_742,image_detection,medium,7168.0,0.45,1500,0.79,43.0
2026-05-22T15:48:34.037718Z,device_743,temperature_report,low,9216.0,0.15,5000,0.66,22.0
2026-05-22T15:48:36.037718Z,device_744,image_detection,medium,5120.0,0.45,1500,0.29,9.0
2026-05-22T15:48:38.037718Z,device_745,image_detection,low,1024.0,0.15,5000,0.86,50.0
2026-05-22T15:48:40.037718Z,device_746,image_detection,low,5120.0,0.15,5000,0.57,32.0
2026-05-22T15:48:42.037718Z,device_747,image_detection,medium,1024.0,0.45,1500,0.04,34.0
2026-05-22T15:48:44.037718Z,device_748,image_detection,high,8192.0,0.75,500,0.92,16.0
2026-05-22T15:48:46.037718Z,device_749,image_detection,medium,4096.0,0.45,1500,0.24,26.0
2026-05-22T15:48:48.037718Z,device_750,image_detection,high,3072.0,0.75,500,0.26,20.0
2026-05-22T15:48:50.037718Z,device_751,image_detection,low,1024.0,0.15,5000,0.48,10.0
2026-05-22T15:48:52.037718Z,device_752,image_detection,medium,9216.0,0.45,1500,0.34,8.0
2026-05-22T15:48:54.037718Z,device_753,image_detection,medium,1024.0,0.45,1500,1.0,43.0
2026-05-22T15:48:56.037718Z,device_754,image_detection,medium,1024.0,0.45,1500,0.96,48.0
2026-05-22T15:48:58.037718Z,device_755,temperature_report,low,6144.0,0.15,5000,0.27,42.0
2026-05-22T15:49:00.037718Z,device_756,temperature_report,medium,5120.0,0.45,1500,0.65,36.0
2026-05-22T15:49:02.037718Z,device_757,image_detection,low,3072.0,0.15,5000,0.74,30.0
2026-05-22T15:49:04.037718Z,device_758,image_detection,medium,5120.0,0.45,1500,0.81,33.0
2026-05-22T15:49:06.037718Z,device_759,image_detection,low,6144.0,0.15,5000,0.18,45.0
2026-05-22T15:49:08.037718Z,device_760,image_detection,medium,8192.0,0.45,1500,0.74,14.0
2026-05-22T15:49:10.037718Z,device_761,image_detection,high,7168.0,0.75,500,0.61,28.0
2026-05-22T15:49:12.037718Z,device_762,image_detection,medium,9216.0,0.45,1500,0.71,49.0
2026-05-22T15:49:14.037718Z,device_763,image_detection,high,10240.0,0.75,500,0.81,49.0
2026-05-22T15:49:16.037718Z,device_764,image_detection,medium,5120.0,0.45,1500,0.4,27.0
2026-05-22T15:49:18.037718Z,device_765,image_detection,high,9216.0,0.75,500,0.26,33.0
2026-05-22T15:49:20.037718Z,device_766,image_detection,high,4096.0,0.75,500,1.0,21.0
2026-05-22T15:49:22.037718Z,device_767,image_detection,low,1024.0,0.15,5000,0.95,15.0
2026-05-22T15:49:24.037718Z,device_768,temperature_report,medium,7168.0,0.45,1500,0.53,18.0
2026-05-22T15:49:26.037718Z,device_769,image_detection,low,2048.0,0.15,5000,0.8,7.0
2026-05-22T15:49:28.037718Z,device_770,image_detection,medium,7168.0,0.45,1500,0.65,50.0
2026-05-22T15:49:30.037718Z,device_771,temperature_report,low,10240.0,0.15,5000,0.18,37.0
2026-05-22T15:49:32.037718Z,device_772,image_detection,low,10240.0,0.15,5000,0.67,14.0
2026-05-22T15:49:34.037718Z,device_773,image_detection,medium,6144.0,0.45,1500,0.02,26.0
2026-05-22T15:49:36.037718Z,device_774,temperature_report,high,10240.0,0.75,500,0.08,15.0
2026-05-22T15:49:38.037718Z,device_775,image_detection,high,8192.0,0.75,500,0.54,8.0
2026-05-22T15:49:40.037718Z,device_776,temperature_report,low,9216.0,0.15,5000,0.73,13.0
2026-05-22T15:49:42.037718Z,device_777,temperature_report,low,2048.0,0.15,5000,0.88,16.0
2026-05-22T15:49:44.037718Z,device_778,temperature_report,low,9216.0,0.15,5000,0.22,23.0
2026-05-22T15:49:46.037718Z,device_779,image_detection,high,4096.0,0.75,500,0.3,20.0
2026-05-22T15:49:48.037718Z,device_780,image_detection,low,10240.0,0.15,5000,0.27,7.0
2026-05-22T15:49:50.037718Z,device_781,image_detection,low,2048.0,0.15,5000,0.27,28.0
2026-05-22T15:49:52.037718Z,device_782,image_detection,high,4096.0,0.75,500,0.36,18.0
2026-05-22T15:49:54.037718Z,device_783,image_detection,medium,1024.0,0.45,1500,0.54,47.0
2026-05-22T15:49:56.037718Z,device_784,image_detection,medium,1024.0,0.45,1500,0.4,10.0
2026-05-22T15:49:58.037718Z,device_785,image_detection,medium,4096.0,0.45,1500,0.29,20.0
2026-05-22T15:50:00.037718Z,device_786,image_detection,high,1024.0,0.75,500,0.01,33.0
2026-05-22T15:50:02.037718Z,device_787,temperature_report,high,9216.0,0.75,500,0.15,37.0
2026-05-22T15:50:04.037718Z,device_788,image_detection,low,6144.0,0.15,5000,0.05,25.0
2026-05-22T15:50:06.037718Z,device_789,temperature_report,high,4096.0,0.75,500,0.24,43.0
2026-05-22T15:50:08.037718Z,device_790,temperature_report,high,4096.0,0.75,500,0.46,24.0
2026-05-22T15:50:10.037718Z,device_791,image_detection,medium,1024.0,0.45,1500,0.93,19.0
2026-05-22T15:50:12.037718Z,device_792,image_detection,medium,2048.0,0.45,1500,0.76,9.0
2026-05-22T15:50:14.037718Z,device_793,temperature_report,low,6144.0,0.15,5000,0.56,22.0
2026-05-22T15:50:16.037718Z,device_794,image_detection,high,4096.0,0.75,500,0.08,42.0
2026-05-22T15:50:18.037718Z,device_795,image_detection,high,3072.0,0.75,500,0.33,29.0
2026-05-22T15:50:20.037718Z,device_796,temperature_report,medium,9216.0,0.45,1500,0.04,13.0
2026-05-22T15:50:22.037718Z,device_797,temperature_report,low,4096.0,0.15,5000,0.78,18.0
2026-05-22T15:50:24.037718Z,device_798,temperature_report,medium,2048.0,0.45,1500,0.21,45.0
2026-05-22T15:50:26.037718Z,device_799,temperature_report,medium,7168.0,0.45,1500,0.67,8.0
2026-05-22T15:50:28.037718Z,device_800,image_detection,low,10240.0,0.15,5000,0.39,40.0
2026-05-22T15:50:30.037718Z,device_801,image_detection,high,3072.0,0.75,500,0.81,31.0
2026-05-22T15:50:32.037718Z,device_802,temperature_report,high,7168.0,0.75,500,0.88,6.0
2026-05-22T15:50:34.037718Z,device_803,temperature_report,medium,1024.0,0.45,1500,0.7,20.0
2026-05-22T15:50:36.037718Z,device_804,temperature_report,high,9216.0,0.75,500,0.05,50.0
2026-05-22T15:50:38.037718Z,device_805,temperature_report,medium,8192.0,0.45,1500,0.45,9.0
2026-05-22T15:50:40.037718Z,device_806,image_detection,high,4096.0,0.75,500,0.45,24.0
2026-05-22T15:50:42.037718Z,device_807,image_detection,low,9216.0,0.15,5000,1.0,46.0
2026-05-22T15:50:44.037718Z,device_808,image_detection,medium,9216.0,0.45,1500,0.99,26.0
2026-05-22T15:50:46.037718Z,device_809,image_detection,medium,6144.0,0.45,1500,0.11,30.0
2026-05-22T15:50:48.037718Z,device_810,temperature_report,low,6144.0,0.15,5000,0.71,22.0
2026-05-22T15:50:50.037718Z,device_811,image_detection,low,4096.0,0.15,5000,0.67,25.0
2026-05-22T15:50:52.037718Z,device_812,image_detection,low,6144.0,0.15,5000,0.62,5.0
2026-05-22T15:50:54.037718Z,device_813,image_detection,high,7168.0,0.75,500,0.36,24.0
2026-05-22T15:50:56.037718Z,device_814,image_detection,low,10240.0,0.15,5000,0.57,31.0
2026-05-22T15:50:58.037718Z,device_815,temperature_report,low,3072.0,0.15,5000,0.02,29.0
2026-05-22T15:51:00.037718Z,device_816,image_detection,high,4096.0,0.75,500,0.37,16.0
2026-05-22T15:51:02.037718Z,device_817,temperature_report,high,10240.0,0.75,500,0.58,50.0
2026-05-22T15:51:04.037718Z,device_818,temperature_report,high,4096.0,0.75,500,0.22,11.0
2026-05-22T15:51:06.037718Z,device_819,image_detection,medium,5120.0,0.45,1500,0.37,46.0
2026-05-22T15:51:08.037718Z,device_820,temperature_report,high,3072.0,0.75,500,0.73,36.0
2026-05-22T15:51:10.037718Z,device_821,temperature_report,medium,10240.0,0.45,1500,0.95,28.0
2026-05-22T15:51:12.037718Z,device_822,image_detection,medium,10240.0,0.45,1500,0.55,7.0
2026-05-22T15:51:14.037718Z,device_823,image_detection,low,8192.0,0.15,5000,0.33,49.0
2026-05-22T15:51:16.037718Z,device_824,image_detection,high,2048.0,0.75,500,0.82,13.0
2026-05-22T15:51:18.037718Z,device_825,image_detection,medium,5120.0,0.45,1500,0.82,41.0
2026-05-22T15:51:20.037718Z,device_826,temperature_report,medium,8192.0,0.45,1500,0.71,21.0
2026-05-22T15:51:22.037718Z,device_827,image_detection,low,2048.0,0.15,5000,0.71,19.0
2026-05-22T15:51:24.037718Z,device_828,image_detection,low,10240.0,0.15,5000,0.93,6.0
2026-05-22T15:51:26.037718Z,device_829,image_detection,low,1024.0,0.15,5000,0.41,39.0
2026-05-22T15:51:28.037718Z,device_830,temperature_report,medium,3072.0,0.45,1500,0.93,26.0
2026-05-22T15:51:30.037718Z,device_831,image_detection,high,4096.0,0.75,500,0.51,5.0
2026-05-22T15:51:32.037718Z,device_832,temperature_report,medium,10240.0,0.45,1500,0.67,45.0
2026-05-22T15:51:34.037718Z,device_833,image_detection,medium,5120.0,0.45,1500,0.61,32.0
2026-05-22T15:51:36.037718Z,device_834,temperature_report,high,1024.0,0.75,500,0.92,46.0
2026-05-22T15:51:38.037718Z,device_835,image_detection,medium,8192.0,0.45,1500,0.2,19.0
2026-05-22T15:51:40.037718Z,device_836,image_detection,low,8192.0,0.15,5000,0.7,26.0
2026-05-22T15:51:42.037718Z,device_837,image_detection,medium,2048.0,0.45,1500,0.76,16.0
2026-05-22T15:51:44.037718Z,device_838,temperature_report,low,10240.0,0.15,5000,0.44,5.0
2026-05-22T15:51:46.037718Z,device_839,temperature_report,low,4096.0,0.15,5000,0.59,6.0
2026-05-22T15:51:48.037718Z,device_840,image_detection,low,6144.0,0.15,5000,0.45,43.0
2026-05-22T15:51:50.037718Z,device_841,image_detection,medium,1024.0,0.45,1500,0.77,48.0
2026-05-22T15:51:52.037718Z,device_842,image_detection,low,10240.0,0.15,5000,0.57,27.0
2026-05-22T15:51:54.037718Z,device_843,image_detection,low,8192.0,0.15,5000,0.96,37.0
2026-05-22T15:51:56.037718Z,device_844,temperature_report,low,2048.0,0.15,5000,0.98,43.0
2026-05-22T15:51:58.037718Z,device_845,image_detection,low,3072.0,0.15,5000,0.41,11.0
2026-05-22T15:52:00.037718Z,device_846,temperature_report,medium,5120.0,0.45,1500,0.87,48.0
2026-05-22T15:52:02.037718Z,device_847,temperature_report,medium,6144.0,0.45,1500,0.26,25.0
2026-05-22T15:52:04.037718Z,device_848,image_detection,medium,6144.0,0.45,1500,0.39,11.0
2026-05-22T15:52:06.037718Z,device_849,image_detection,low,6144.0,0.15,5000,0.5,26.0
2026-05-22T15:52:08.037718Z,device_850,temperature_report,medium,3072.0,0.45,1500,0.97,12.0
2026-05-22T15:52:10.037718Z,device_851,image_detection,medium,10240.0,0.45,1500,0.71,40.0
2026-05-22T15:52:12.037718Z,device_852,image_detection,low,2048.0,0.15,5000,0.55,12.0
2026-05-22T15:52:14.037718Z,device_853,temperature_report,low,2048.0,0.15,5000,0.53,32.0
2026-05-22T15:52:16.037718Z,device_854,image_detection,high,7168.0,0.75,500,0.15,15.0
2026-05-22T15:52:18.037718Z,device_855,image_detection,low,7168.0,0.15,5000,0.7,28.0
2026-05-22T15:52:20.037718Z,device_856,image_detection,high,10240.0,0.75,500,0.14,18.0
2026-05-22T15:52:22.037718Z,device_857,temperature_report,low,8192.0,0.15,5000,0.16,10.0
2026-05-22T15:52:24.037718Z,device_858,image_detection,medium,4096.0,0.45,1500,0.78,10.0
2026-05-22T15:52:26.037718Z,device_859,image_detection,low,1024.0,0.15,5000,0.3,14.0
2026-05-22T15:52:28.037718Z,device_860,image_detection,high,10240.0,0.75,500,0.18,37.0
2026-05-22T15:52:30.037718Z,device_861,temperature_report,medium,7168.0,0.45,1500,0.15,30.0
2026-05-22T15:52:32.037718Z,device_862,image_detection,low,3072.0,0.15,5000,0.86,5.0
2026-05-22T15:52:34.037718Z,device_863,temperature_report,low,2048.0,0.15,5000,0.92,50.0
2026-05-22T15:52:36.037718Z,device_864,image_detection,high,9216.0,0.75,500,0.77,36.0
2026-05-22T15:52:38.037718Z,device_865,image_detection,high,6144.0,0.75,500,0.96,34.0
2026-05-22T15:52:40.037718Z,device_866,image_detection,low,8192.0,0.15,5000,0.08,22.0
2026-05-22T15:52:42.037718Z,device_867,image_detection,medium,6144.0,0.45,1500,0.56,11.0
2026-05-22T15:52:44.037718Z,device_868,image_detection,low,4096.0,0.15,5000,0.52,48.0
2026-05-22T15:52:46.037718Z,device_869,image_detection,high,2048.0,0.75,500,0.25,31.0
2026-05-22T15:52:48.037718Z,device_870,image_detection,low,9216.0,0.15,5000,0.71,15.0
2026-05-22T15:52:50.037718Z,device_871,image_detection,high,7168.0,0.75,500,0.54,39.0
2026-05-22T15:52:52.037718Z,device_872,image_detection,medium,8192.0,0.45,1500,0.57,9.0
2026-05-22T15:52:54.037718Z,device_873,temperature_report,medium,4096.0,0.45,1500,0.41,18.0
2026-05-22T15:52:56.037718Z,device_874,image_detection,medium,1024.0,0.45,1500,0.0,30.0
2026-05-22T15:52:58.037718Z,device_875,temperature_report,low,4096.0,0.15,5000,0.66,9.0
2026-05-22T15:53:00.037718Z,device_876,temperature_report,medium,8192.0,0.45,1500,0.11,43.0
2026-05-22T15:53:02.037718Z,device_877,image_detection,high,6144.0,0.75,500,1.0,21.0
2026-05-22T15:53:04.037718Z,device_878,image_detection,high,7168.0,0.75,500,0.93,32.0
2026-05-22T15:53:06.037718Z,device_879,temperature_report,low,3072.0,0.15,5000,0.06,19.0
2026-05-22T15:53:08.037718Z,device_880,temperature_report,high,5120.0,0.75,500,0.57,26.0
2026-05-22T15:53:10.037718Z,device_881,temperature_report,high,4096.0,0.75,500,0.49,24.0
2026-05-22T15:53:12.037718Z,device_882,image_detection,low,5120.0,0.15,5000,0.38,23.0
2026-05-22T15:53:14.037718Z,device_883,image_detection,high,4096.0,0.75,500,0.68,41.0
2026-05-22T15:53:16.037718Z,device_884,image_detection,high,7168.0,0.75,500,0.57,31.0
2026-05-22T15:53:18.037718Z,device_885,image_detection,low,1024.0,0.15,5000,0.56,35.0
2026-05-22T15:53:20.037718Z,device_886,image_detection,medium,1024.0,0.45,1500,0.62,15.0
2026-05-22T15:53:22.037718Z,device_887,temperature_report,medium,7168.0,0.45,1500,1.0,11.0
2026-05-22T15:53:24.037718Z,device_888,image_detection,low,1024.0,0.15,5000,0.2,28.0
2026-05-22T15:53:26.037718Z,device_889,image_detection,low,10240.0,0.15,5000,0.47,35.0
2026-05-22T15:53:28.037718Z,device_890,image_detection,low,10240.0,0.15,5000,0.81,20.0
2026-05-22T15:53:30.037718Z,device_891,image_detection,medium,6144.0,0.45,1500,0.94,40.0
2026-05-22T15:53:32.037718Z,device_892,temperature_report,high,8192.0,0.75,500,0.88,24.0
2026-05-22T15:53:34.037718Z,device_893,image_detection,high,7168.0,0.75,500,0.43,34.0
2026-05-22T15:53:36.037718Z,device_894,image_detection,low,6144.0,0.15,5000,0.18,45.0
2026-05-22T15:53:38.037718Z,device_895,temperature_report,low,2048.0,0.15,5000,0.5,23.0
2026-05-22T15:53:40.037718Z,device_896,temperature_report,low,7168.0,0.15,5000,0.57,33.0
2026-05-22T15:53:42.037718Z,device_897,image_detection,medium,7168.0,0.45,1500,0.82,14.0
2026-05-22T15:53:44.037718Z,device_898,image_detection,low,10240.0,0.15,5000,0.32,40.0
2026-05-22T15:53:46.037718Z,device_899,image_detection,low,1024.0,0.15,5000,0.55,44.0
2026-05-22T15:53:48.037718Z,device_900,temperature_report,medium,1024.0,0.45,1500,0.76,35.0
2026-05-22T15:53:50.037718Z,device_901,temperature_report,low,10240.0,0.15,5000,0.04,33.0
2026-05-22T15:53:52.037718Z,device_902,image_detection,medium,4096.0,0.45,1500,0.34,21.0
2026-05-22T15:53:54.037718Z,device_903,image_detection,medium,9216.0,0.45,1500,0.88,43.0
2026-05-22T15:53:56.037718Z,device_904,image_detection,high,1024.0,0.75,500,0.24,7.0
2026-05-22T15:53:58.037718Z,device_905,image_detection,medium,4096.0,0.45,1500,0.25,40.0
2026-05-22T15:54:00.037718Z,device_906,image_detection,high,9216.0,0.75,500,0.0,27.0
2026-05-22T15:54:02.037718Z,device_907,image_detection,medium,10240.0,0.45,1500,0.23,21.0
2026-05-22T15:54:04.037718Z,device_908,image_detection,medium,2048.0,0.45,1500,0.57,44.0
2026-05-22T15:54:06.037718Z,device_909,temperature_report,medium,6144.0,0.45,1500,0.19,27.0
2026-05-22T15:54:08.037718Z,device_910,image_detection,high,6144.0,0.75,500,0.2,12.0
2026-05-22T15:54:10.037718Z,device_911,image_detection,low,9216.0,0.15,5000,0.18,41.0
2026-05-22T15:54:12.037718Z,device_912,image_detection,low,9216.0,0.15,5000,0.93,31.0
2026-05-22T15:54:14.037718Z,device_913,image_detection,high,9216.0,0.75,500,0.24,22.0
2026-05-22T15:54:16.037718Z,device_914,image_detection,low,1024.0,0.15,5000,0.96,36.0
2026-05-22T15:54:18.037718Z,device_915,image_detection,medium,5120.0,0.45,1500,0.5,43.0
2026-05-22T15:54:20.037718Z,device_916,image_detection,medium,6144.0,0.45,1500,0.4,28.0
2026-05-22T15:54:22.037718Z,device_917,image_detection,medium,8192.0,0.45,1500,0.86,39.0
2026-05-22T15:54:24.037718Z,device_918,temperature_report,low,3072.0,0.15,5000,0.88,26.0
2026-05-22T15:54:26.037718Z,device_919,temperature_report,low,10240.0,0.15,5000,0.43,49.0
2026-05-22T15:54:28.037718Z,device_920,temperature_report,medium,9216.0,0.45,1500,0.07,16.0
2026-05-22T15:54:30.037718Z,device_921,temperature_report,medium,10240.0,0.45,1500,0.74,20.0
2026-05-22T15:54:32.037718Z,device_922,temperature_report,high,4096.0,0.75,500,0.27,35.0
2026-05-22T15:54:34.037718Z,device_923,temperature_report,high,3072.0,0.75,500,0.24,10.0
2026-05-22T15:54:36.037718Z,device_924,temperature_report,high,5120.0,0.75,500,0.86,21.0
2026-05-22T15:54:38.037718Z,device_925,image_detection,low,3072.0,0.15,5000,0.14,30.0
2026-05-22T15:54:40.037718Z,device_926,image_detection,high,4096.0,0.75,500,0.03,49.0
2026-05-22T15:54:42.037718Z,device_927,image_detection,low,9216.0,0.15,5000,0.86,8.0
2026-05-22T15:54:44.037718Z,device_928,image_detection,high,3072.0,0.75,500,0.61,7.0
2026-05-22T15:54:46.037718Z,device_929,image_detection,low,6144.0,0.15,5000,0.93,10.0
2026-05-22T15:54:48.037718Z,device_930,image_detection,low,9216.0,0.15,5000,0.2,25.0
2026-05-22T15:54:50.037718Z,device_931,image_detection,medium,3072.0,0.45,1500,0.51,15.0
2026-05-22T15:54:52.037718Z,device_932,temperature_report,low,7168.0,0.15,5000,0.66,29.0
2026-05-22T15:54:54.037718Z,device_933,image_detection,high,1024.0,0.75,500,0.72,50.0
2026-05-22T15:54:56.037718Z,device_934,temperature_report,low,5120.0,0.15,5000,0.33,20.0
2026-05-22T15:54:58.037718Z,device_935,image_detection,low,1024.0,0.15,5000,0.71,50.0
2026-05-22T15:55:00.037718Z,device_936,image_detection,low,5120.0,0.15,5000,0.11,49.0
2026-05-22T15:55:02.037718Z,device_937,image_detection,high,5120.0,0.75,500,0.74,5.0
2026-05-22T15:55:04.037718Z,device_938,image_detection,low,8192.0,0.15,5000,0.15,48.0
2026-05-22T15:55:06.037718Z,device_939,temperature_report,low,5120.0,0.15,5000,0.73,8.0
2026-05-22T15:55:08.037718Z,device_940,image_detection,low,2048.0,0.15,5000,0.68,24.0
2026-05-22T15:55:10.037718Z,device_941,image_detection,medium,7168.0,0.45,1500,0.5,12.0
2026-05-22T15:55:12.037718Z,device_942,image_detection,medium,5120.0,0.45,1500,0.1,35.0
2026-05-22T15:55:14.037718Z,device_943,image_detection,medium,3072.0,0.45,1500,0.04,28.0
2026-05-22T15:55:16.037718Z,device_944,temperature_report,medium,9216.0,0.45,1500,0.73,25.0
2026-05-22T15:55:18.037718Z,device_945,image_detection,medium,9216.0,0.45,1500,0.9,11.0
2026-05-22T15:55:20.037718Z,device_946,temperature_report,high,5120.0,0.75,500,0.73,45.0
2026-05-22T15:55:22.037718Z,device_947,image_detection,low,1024.0,0.15,5000,0.34,29.0
2026-05-22T15:55:24.037718Z,device_948,image_detection,high,10240.0,0.75,500,0.11,44.0
2026-05-22T15:55:26.037718Z,device_949,image_detection,medium,8192.0,0.45,1500,0.94,15.0
2026-05-22T15:55:28.037718Z,device_950,image_detection,low,6144.0,0.15,5000,0.88,41.0
2026-05-22T15:55:30.037718Z,device_951,temperature_report,medium,1024.0,0.45,1500,0.77,43.0
2026-05-22T15:55:32.037718Z,device_952,temperature_report,high,4096.0,0.75,500,0.82,33.0
2026-05-22T15:55:34.037718Z,device_953,image_detection,medium,2048.0,0.45,1500,0.55,48.0
2026-05-22T15:55:36.037718Z,device_954,temperature_report,medium,7168.0,0.45,1500,0.51,39.0
2026-05-22T15:55:38.037718Z,device_955,temperature_report,high,3072.0,0.75,500,0.88,10.0
2026-05-22T15:55:40.037718Z,device_956,image_detection,high,10240.0,0.75,500,0.58,47.0
2026-05-22T15:55:42.037718Z,device_957,temperature_report,medium,10240.0,0.45,1500,0.02,40.0
2026-05-22T15:55:44.037718Z,device_958,temperature_report,low,3072.0,0.15,5000,0.05,39.0
2026-05-22T15:55:46.037718Z,device_959,image_detection,high,8192.0,0.75,500,0.71,14.0
2026-05-22T15:55:48.037718Z,device_960,image_detection,medium,2048.0,0.45,1500,0.11,39.0
2026-05-22T15:55:50.037718Z,device_961,image_detection,medium,7168.0,0.45,1500,0.83,26.0
2026-05-22T15:55:52.037718Z,device_962,image_detection,medium,8192.0,0.45,1500,0.52,5.0
2026-05-22T15:55:54.037718Z,device_963,image_detection,low,3072.0,0.15,5000,0.76,41.0
2026-05-22T15:55:56.037718Z,device_964,image_detection,medium,4096.0,0.45,1500,0.4,26.0
2026-05-22T15:55:58.037718Z,device_965,image_detection,low,3072.0,0.15,5000,0.64,46.0
2026-05-22T15:56:00.037718Z,device_966,image_detection,low,8192.0,0.15,5000,0.48,15.0
2026-05-22T15:56:02.037718Z,device_967,temperature_report,high,6144.0,0.75,500,0.96,11.0
2026-05-22T15:56:04.037718Z,device_968,temperature_report,medium,8192.0,0.45,1500,0.45,25.0
2026-05-22T15:56:06.037718Z,device_969,image_detection,low,4096.0,0.15,5000,0.45,41.0
2026-05-22T15:56:08.037718Z,device_970,image_detection,high,8192.0,0.75,500,0.55,25.0
2026-05-22T15:56:10.037718Z,device_971,image_detection,low,7168.0,0.15,5000,0.94,42.0
2026-05-22T15:56:12.037718Z,device_972,temperature_report,medium,8192.0,0.45,1500,0.42,11.0
2026-05-22T15:56:14.037718Z,device_973,temperature_report,high,5120.0,0.75,500,0.3,10.0
2026-05-22T15:56:16.037718Z,device_974,image_detection,low,2048.0,0.15,5000,0.8,43.0
2026-05-22T15:56:18.037718Z,device_975,temperature_report,medium,8192.0,0.45,1500,0.78,9.0
2026-05-22T15:56:20.037718Z,device_976,image_detection,high,6144.0,0.75,500,0.63,9.0
2026-05-22T15:56:22.037718Z,device_977,image_detection,low,5120.0,0.15,5000,0.64,29.0
2026-05-22T15:56:24.037718Z,device_978,image_detection,low,2048.0,0.15,5000,0.76,24.0
2026-05-22T15:56:26.037718Z,device_979,image_detection,medium,2048.0,0.45,1500,0.61,33.0
2026-05-22T15:56:28.037718Z,device_980,image_detection,medium,9216.0,0.45,1500,0.65,6.0
2026-05-22T15:56:30.037718Z,device_981,image_detection,low,9216.0,0.15,5000,0.72,27.0
2026-05-22T15:56:32.037718Z,device_982,temperature_report,low,8192.0,0.15,5000,0.6,9.0
2026-05-22T15:56:34.037718Z,device_983,image_detection,medium,8192.0,0.45,1500,0.54,8.0
2026-05-22T15:56:36.037718Z,device_984,image_detection,low,4096.0,0.15,5000,0.15,33.0
2026-05-22T15:56:38.037718Z,device_985,temperature_report,low,4096.0,0.15,5000,0.23,18.0
2026-05-22T15:56:40.037718Z,device_986,image_detection,low,6144.0,0.15,5000,0.31,13.0
2026-05-22T15:56:42.037718Z,device_987,temperature_report,high,2048.0,0.75,500,0.01,20.0
2026-05-22T15:56:44.037718Z,device_988,image_detection,medium,2048.0,0.45,1500,0.9,26.0
2026-05-22T15:56:46.037718Z,device_989,temperature_report,medium,6144.0,0.45,1500,0.1,29.0
2026-05-22T15:56:48.037718Z,device_990,temperature_report,high,7168.0,0.75,500,0.91,17.0
2026-05-22T15:56:50.037718Z,device_991,image_detection,low,6144.0,0.15,5000,0.17,35.0
2026-05-22T15:56:52.037718Z,device_992,temperature_report,high,2048.0,0.75,500,0.35,26.0
2026-05-22T15:56:54.037718Z,device_993,temperature_report,low,10240.0,0.15,5000,0.65,33.0
2026-05-22T15:56:56.037718Z,device_994,image_detection,low,8192.0,0.15,5000,0.64,14.0
2026-05-22T15:56:58.037718Z,device_995,image_detection,low,2048.0,0.15,5000,0.69,32.0
2026-05-22T15:57:00.037718Z,device_996,temperature_report,medium,6144.0,0.45,1500,0.5,39.0
2026-05-22T15:57:02.037718Z,device_997,temperature_report,high,8192.0,0.75,500,0.12,28.0
2026-05-22T15:57:04.037718Z,device_998,image_detection,high,4096.0,0.75,500,0.51,26.0
2026-05-22T15:57:06.037718Z,device_999,temperature_report,high,7168.0,0.75,500,0.29,34.0
2026-05-22T15:57:08.037718Z,device_1000,image_detection,high,8192.0,0.75,500,0.05,26.0
2026-05-22T15:57:10.037718Z,device_1001,image_detection,high,10240.0,0.75,500,0.95,20.0
2026-05-22T15:57:12.037718Z,device_1002,image_detection,low,3072.0,0.15,5000,0.27,49.0
2026-05-22T15:57:14.037718Z,device_1003,image_detection,low,10240.0,0.15,5000,0.07,48.0
2026-05-22T15:57:16.037718Z,device_1004,image_detection,medium,4096.0,0.45,1500,0.72,43.0
2026-05-22T15:57:18.037718Z,device_1005,temperature_report,high,8192.0,0.75,500,0.39,47.0
2026-05-22T15:57:20.037718Z,device_1006,image_detection,medium,2048.0,0.45,1500,0.18,13.0
2026-05-22T15:57:22.037718Z,device_1007,image_detection,low,3072.0,0.15,5000,0.73,14.0
2026-05-22T15:57:24.037718Z,device_1008,temperature_report,high,7168.0,0.75,500,0.79,45.0
2026-05-22T15:57:26.037718Z,device_1009,temperature_report,high,6144.0,0.75,500,0.95,27.0
2026-05-22T15:57:28.037718Z,device_1010,image_detection,high,10240.0,0.75,500,0.27,14.0
2026-05-22T15:57:30.037718Z,device_1011,image_detection,high,9216.0,0.75,500,0.46,30.0
2026-05-22T15:57:32.037718Z,device_1012,image_detection,high,1024.0,0.75,500,0.05,44.0
2026-05-22T15:57:34.037718Z,device_1013,image_detection,low,3072.0,0.15,5000,0.24,42.0
2026-05-22T15:57:36.037718Z,device_1014,image_detection,high,8192.0,0.75,500,0.09,34.0
2026-05-22T15:57:38.037718Z,device_1015,image_detection,high,3072.0,0.75,500,0.5,39.0
2026-05-22T15:57:40.037718Z,device_1016,temperature_report,medium,1024.0,0.45,1500,0.72,25.0
2026-05-22T15:57:42.037718Z,device_1017,temperature_report,high,6144.0,0.75,500,0.67,49.0
2026-05-22T15:57:44.037718Z,device_1018,temperature_report,low,6144.0,0.15,5000,0.2,5.0
2026-05-22T15:57:46.037718Z,device_1019,temperature_report,high,3072.0,0.75,500,0.02,5.0
2026-05-22T15:57:48.037718Z,device_1020,image_detection,high,4096.0,0.75,500,0.4,9.0
2026-05-22T15:57:50.037718Z,device_1021,temperature_report,medium,3072.0,0.45,1500,0.1,43.0
2026-05-22T15:57:52.037718Z,device_1022,image_detection,high,1024.0,0.75,500,0.19,16.0
2026-05-22T15:57:54.037718Z,device_1023,temperature_report,high,7168.0,0.75,500,0.66,42.0
2026-05-22T15:57:56.037718Z,device_1024,image_detection,medium,5120.0,0.45,1500,0.43,17.0
2026-05-22T15:57:58.037718Z,device_1025,image_detection,medium,2048.0,0.45,1500,0.84,9.0
2026-05-22T15:58:00.037718Z,device_1026,temperature_report,high,6144.0,0.75,500,0.62,8.0
2026-05-22T15:58:02.037718Z,device_1027,image_detection,medium,2048.0,0.45,1500,0.04,13.0
2026-05-22T15:58:04.037718Z,device_1028,image_detection,high,2048.0,0.75,500,0.79,20.0
2026-05-22T15:58:06.037718Z,device_1029,temperature_report,medium,3072.0,0.45,1500,0.77,40.0
2026-05-22T15:58:08.037718Z,device_1030,temperature_report,medium,6144.0,0.45,1500,0.64,46.0
2026-05-22T15:58:10.037718Z,device_1031,image_detection,medium,10240.0,0.45,1500,0.17,16.0
2026-05-22T15:58:12.037718Z,device_1032,temperature_report,medium,4096.0,0.45,1500,0.48,47.0
2026-05-22T15:58:14.037718Z,device_1033,image_detection,medium,2048.0,0.45,1500,0.1,9.0
2026-05-22T15:58:16.037718Z,device_1034,temperature_report,high,7168.0,0.75,500,0.57,14.0
2026-05-22T15:58:18.037718Z,device_1035,temperature_report,medium,4096.0,0.45,1500,0.43,46.0
2026-05-22T15:58:20.037718Z,device_1036,image_detection,low,7168.0,0.15,5000,0.29,11.0
2026-05-22T15:58:22.037718Z,device_1037,temperature_report,high,9216.0,0.75,500,0.61,18.0
2026-05-22T15:58:24.037718Z,device_1038,image_detection,low,8192.0,0.15,5000,0.74,45.0
2026-05-22T15:58:26.037718Z,device_1039,image_detection,high,3072.0,0.75,500,0.58,27.0
2026-05-22T15:58:28.037718Z,device_1040,temperature_report,high,9216.0,0.75,500,0.24,28.0
2026-05-22T15:58:30.037718Z,device_1041,image_detection,high,9216.0,0.75,500,0.95,26.0
2026-05-22T15:58:32.037718Z,device_1042,image_detection,high,2048.0,0.75,500,0.12,22.0
2026-05-22T15:58:34.037718Z,device_1043,image_detection,medium,8192.0,0.45,1500,0.35,25.0
2026-05-22T15:58:36.037718Z,device_1044,temperature_report,low,3072.0,0.15,5000,0.73,31.0
2026-05-22T15:58:38.037718Z,device_1045,image_detection,high,6144.0,0.75,500,0.62,9.0
2026-05-22T15:58:40.037718Z,device_1046,image_detection,medium,9216.0,0.45,1500,0.67,44.0
2026-05-22T15:58:42.037718Z,device_1047,image_detection,low,1024.0,0.15,5000,0.34,39.0
2026-05-22T15:58:44.037718Z,device_1048,image_detection,low,5120.0,0.15,5000,0.65,14.0
2026-05-22T15:58:46.037718Z,device_1049,image_detection,medium,10240.0,0.45,1500,0.25,45.0
2026-05-22T15:58:48.037718Z,device_1050,temperature_report,low,8192.0,0.15,5000,0.29,19.0
2026-05-22T15:58:50.037718Z,device_1051,temperature_report,medium,10240.0,0.45,1500,0.45,43.0
2026-05-22T15:58:52.037718Z,device_1052,image_detection,low,2048.0,0.15,5000,0.69,48.0
2026-05-22T15:58:54.037718Z,device_1053,image_detection,medium,7168.0,0.45,1500,0.44,27.0
2026-05-22T15:58:56.037718Z,device_1054,image_detection,low,5120.0,0.15,5000,0.04,20.0
2026-05-22T15:58:58.037718Z,device_1055,temperature_report,high,2048.0,0.75,500,0.32,35.0
2026-05-22T15:59:00.037718Z,device_1056,image_detection,medium,6144.0,0.45,1500,0.48,32.0
2026-05-22T15:59:02.037718Z,device_1057,temperature_report,medium,8192.0,0.45,1500,0.31,46.0
2026-05-22T15:59:04.037718Z,device_1058,temperature_report,high,5120.0,0.75,500,0.82,15.0
2026-05-22T15:59:06.037718Z,device_1059,temperature_report,medium,7168.0,0.45,1500,0.38,20.0
2026-05-22T15:59:08.037718Z,device_1060,temperature_report,high,2048.0,0.75,500,0.59,32.0
2026-05-22T15:59:10.037718Z,device_1061,temperature_report,low,10240.0,0.15,5000,0.49,11.0
2026-05-22T15:59:12.037718Z,device_1062,image_detection,medium,4096.0,0.45,1500,0.24,15.0
2026-05-22T15:59:14.037718Z,device_1063,temperature_report,high,5120.0,0.75,500,0.04,18.0
2026-05-22T15:59:16.037718Z,device_1064,temperature_report,high,10240.0,0.75,500,0.25,18.0
2026-05-22T15:59:18.037718Z,device_1065,image_detection,high,5120.0,0.75,500,0.33,34.0
2026-05-22T15:59:20.037718Z,device_1066,image_detection,medium,9216.0,0.45,1500,0.68,24.0
2026-05-22T15:59:22.037718Z,device_1067,image_detection,medium,2048.0,0.45,1500,0.96,19.0
2026-05-22T15:59:24.037718Z,device_1068,image_detection,medium,2048.0,0.45,1500,0.58,26.0
2026-05-22T15:59:26.037718Z,device_1069,image_detection,medium,6144.0,0.45,1500,0.88,16.0
2026-05-22T15:59:28.037718Z,device_1070,image_detection,low,1024.0,0.15,5000,0.99,5.0
2026-05-22T15:59:30.037718Z,device_1071,image_detection,medium,8192.0,0.45,1500,0.8,43.0
2026-05-22T15:59:32.037718Z,device_1072,image_detection,medium,7168.0,0.45,1500,0.2,33.0
2026-05-22T15:59:34.037718Z,device_1073,image_detection,high,2048.0,0.75,500,0.94,47.0
2026-05-22T15:59:36.037718Z,device_1074,image_detection,medium,9216.0,0.45,1500,0.17,17.0
2026-05-22T15:59:38.037718Z,device_1075,image_detection,medium,1024.0,0.45,1500,0.33,49.0
2026-05-22T15:59:40.037718Z,device_1076,image_detection,low,6144.0,0.15,5000,0.0,22.0
2026-05-22T15:59:42.037718Z,device_1077,image_detection,low,8192.0,0.15,5000,0.73,5.0
2026-05-22T15:59:44.037718Z,device_1078,temperature_report,low,2048.0,0.15,5000,0.12,49.0
2026-05-22T15:59:46.037718Z,device_1079,image_detection,high,10240.0,0.75,500,0.1,32.0
2026-05-22T15:59:48.037718Z,device_1080,image_detection,low,1024.0,0.15,5000,0.58,34.0
2026-05-22T15:59:50.037718Z,device_1081,temperature_report,low,5120.0,0.15,5000,0.19,24.0
2026-05-22T15:59:52.037718Z,device_1082,image_detection,medium,1024.0,0.45,1500,0.44,47.0
2026-05-22T15:59:54.037718Z,device_1083,image_detection,medium,7168.0,0.45,1500,0.92,33.0
2026-05-22T15:59:56.037718Z,device_1084,image_detection,low,8192.0,0.15,5000,0.84,8.0
2026-05-22T15:59:58.037718Z,device_1085,image_detection,low,8192.0,0.15,5000,0.11,29.0
2026-05-22T16:00:00.037718Z,device_1086,image_detection,high,7168.0,0.75,500,0.8,21.0
2026-05-22T16:00:02.037718Z,device_1087,image_detection,medium,6144.0,0.45,1500,0.28,42.0
2026-05-22T16:00:04.037718Z,device_1088,image_detection,high,1024.0,0.75,500,0.51,39.0
2026-05-22T16:00:06.037718Z,device_1089,image_detection,high,8192.0,0.75,500,0.16,24.0
2026-05-22T16:00:08.037718Z,device_1090,image_detection,low,8192.0,0.15,5000,0.91,17.0
2026-05-22T16:00:10.037718Z,device_1091,image_detection,low,5120.0,0.15,5000,0.28,34.0
2026-05-22T16:00:12.037718Z,device_1092,image_detection,medium,6144.0,0.45,1500,0.14,8.0
2026-05-22T16:00:14.037718Z,device_1093,temperature_report,medium,1024.0,0.45,1500,0.21,47.0
2026-05-22T16:00:16.037718Z,device_1094,image_detection,medium,2048.0,0.45,1500,0.08,15.0
2026-05-22T16:00:18.037718Z,device_1095,temperature_report,medium,10240.0,0.45,1500,0.21,7.0
2026-05-22T16:00:20.037718Z,device_1096,image_detection,medium,5120.0,0.45,1500,0.98,5.0
2026-05-22T16:00:22.037718Z,device_1097,image_detection,medium,7168.0,0.45,1500,0.39,26.0
2026-05-22T16:00:24.037718Z,device_1098,image_detection,low,6144.0,0.15,5000,0.32,28.0
2026-05-22T16:00:26.037718Z,device_1099,image_detection,low,3072.0,0.15,5000,0.39,9.0
2026-05-22T16:00:28.037718Z,device_1100,temperature_report,medium,1024.0,0.45,1500,0.9,31.0
2026-05-22T16:00:30.037718Z,device_1101,temperature_report,high,7168.0,0.75,500,0.58,47.0
2026-05-22T16:00:32.037718Z,device_1102,image_detection,medium,4096.0,0.45,1500,0.99,45.0
2026-05-22T16:00:34.037718Z,device_1103,image_detection,high,9216.0,0.75,500,0.43,37.0
2026-05-22T16:00:36.037718Z,device_1104,image_detection,high,5120.0,0.75,500,0.35,8.0
2026-05-22T16:00:38.037718Z,device_1105,temperature_report,medium,3072.0,0.45,1500,0.31,8.0
2026-05-22T16:00:40.037718Z,device_1106,temperature_report,medium,8192.0,0.45,1500,0.45,22.0
2026-05-22T16:00:42.037718Z,device_1107,temperature_report,low,8192.0,0.15,5000,0.48,14.0
2026-05-22T16:00:44.037718Z,device_1108,image_detection,low,2048.0,0.15,5000,0.84,47.0
2026-05-22T16:00:46.037718Z,device_1109,image_detection,medium,3072.0,0.45,1500,0.0,6.0
2026-05-22T16:00:48.037718Z,device_1110,image_detection,low,9216.0,0.15,5000,0.41,7.0
2026-05-22T16:00:50.037718Z,device_1111,temperature_report,medium,5120.0,0.45,1500,0.72,23.0
2026-05-22T16:00:52.037718Z,device_1112,image_detection,medium,2048.0,0.45,1500,0.45,45.0
2026-05-22T16:00:54.037718Z,device_1113,temperature_report,low,3072.0,0.15,5000,0.17,7.0
2026-05-22T16:00:56.037718Z,device_1114,temperature_report,medium,7168.0,0.45,1500,0.52,41.0
2026-05-22T16:00:58.037718Z,device_1115,image_detection,low,3072.0,0.15,5000,0.64,48.0
2026-05-22T16:01:00.037718Z,device_1116,image_detection,high,9216.0,0.75,500,0.55,31.0
2026-05-22T16:01:02.037718Z,device_1117,temperature_report,medium,9216.0,0.45,1500,0.42,28.0
2026-05-22T16:01:04.037718Z,device_1118,temperature_report,low,7168.0,0.15,5000,0.59,33.0
2026-05-22T16:01:06.037718Z,device_1119,temperature_report,medium,1024.0,0.45,1500,0.13,16.0
2026-05-22T16:01:08.037718Z,device_1120,temperature_report,low,1024.0,0.15,5000,0.13,42.0
2026-05-22T16:01:10.037718Z,device_1121,temperature_report,high,4096.0,0.75,500,0.71,8.0
2026-05-22T16:01:12.037718Z,device_1122,image_detection,high,2048.0,0.75,500,0.26,19.0
2026-05-22T16:01:14.037718Z,device_1123,temperature_report,medium,6144.0,0.45,1500,0.85,37.0
2026-05-22T16:01:16.037718Z,device_1124,image_detection,low,3072.0,0.15,5000,0.49,27.0
2026-05-22T16:01:18.037718Z,device_1125,temperature_report,low,3072.0,0.15,5000,0.51,6.0
2026-05-22T16:01:20.037718Z,device_1126,temperature_report,high,9216.0,0.75,500,0.02,44.0
2026-05-22T16:01:22.037718Z,device_1127,image_detection,high,9216.0,0.75,500,0.5,19.0
2026-05-22T16:01:24.037718Z,device_1128,image_detection,low,6144.0,0.15,5000,0.46,48.0
2026-05-22T16:01:26.037718Z,device_1129,image_detection,high,10240.0,0.75,500,0.37,38.0
2026-05-22T16:01:28.037718Z,device_1130,image_detection,medium,5120.0,0.45,1500,0.42,27.0
2026-05-22T16:01:30.037718Z,device_1131,temperature_report,medium,10240.0,0.45,1500,0.86,25.0
2026-05-22T16:01:32.037718Z,device_1132,image_detection,low,6144.0,0.15,5000,0.52,8.0
2026-05-22T16:01:34.037718Z,device_1133,image_detection,medium,7168.0,0.45,1500,0.58,44.0
2026-05-22T16:01:36.037718Z,device_1134,image_detection,low,4096.0,0.15,5000,0.12,38.0
2026-05-22T16:01:38.037718Z,device_1135,image_detection,medium,3072.0,0.45,1500,0.89,32.0
2026-05-22T16:01:40.037718Z,device_1136,image_detection,low,2048.0,0.15,5000,0.84,27.0
2026-05-22T16:01:42.037718Z,device_1137,image_detection,high,7168.0,0.75,500,0.72,42.0
2026-05-22T16:01:44.037718Z,device_1138,image_detection,low,1024.0,0.15,5000,0.35,21.0
2026-05-22T16:01:46.037718Z,device_1139,image_detection,medium,2048.0,0.45,1500,0.1,31.0
2026-05-22T16:01:48.037718Z,device_1140,image_detection,medium,1024.0,0.45,1500,0.29,7.0
2026-05-22T16:01:50.037718Z,device_1141,image_detection,medium,9216.0,0.45,1500,0.32,9.0
2026-05-22T16:01:52.037718Z,device_1142,image_detection,medium,8192.0,0.45,1500,0.09,30.0
2026-05-22T16:01:54.037718Z,device_1143,image_detection,high,9216.0,0.75,500,0.42,17.0
2026-05-22T16:01:56.037718Z,device_1144,image_detection,medium,3072.0,0.45,1500,0.6,13.0
2026-05-22T16:01:58.037718Z,device_1145,temperature_report,high,9216.0,0.75,500,0.23,34.0
2026-05-22T16:02:00.037718Z,device_1146,temperature_report,medium,3072.0,0.45,1500,0.09,7.0
2026-05-22T16:02:02.037718Z,device_1147,image_detection,high,1024.0,0.75,500,0.38,16.0
2026-05-22T16:02:04.037718Z,device_1148,image_detection,high,2048.0,0.75,500,0.64,13.0
2026-05-22T16:02:06.037718Z,device_1149,image_detection,medium,2048.0,0.45,1500,0.25,8.0
2026-05-22T16:02:08.037718Z,device_1150,image_detection,high,4096.0,0.75,500,0.23,24.0
2026-05-22T16:02:10.037718Z,device_1151,image_detection,high,7168.0,0.75,500,0.6,38.0
2026-05-22T16:02:12.037718Z,device_1152,image_detection,high,1024.0,0.75,500,0.15,28.0
2026-05-22T16:02:14.037718Z,device_1153,image_detection,high,7168.0,0.75,500,0.2,45.0
2026-05-22T16:02:16.037718Z,device_1154,image_detection,high,4096.0,0.75,500,0.96,13.0
2026-05-22T16:02:18.037718Z,device_1155,temperature_report,high,3072.0,0.75,500,0.54,10.0
2026-05-22T16:02:20.037718Z,device_1156,image_detection,medium,4096.0,0.45,1500,0.94,49.0
2026-05-22T16:02:22.037718Z,device_1157,image_detection,low,8192.0,0.15,5000,0.59,47.0
2026-05-22T16:02:24.037718Z,device_1158,image_detection,low,1024.0,0.15,5000,0.05,32.0
2026-05-22T16:02:26.037718Z,device_1159,image_detection,medium,1024.0,0.45,1500,0.84,22.0
2026-05-22T16:02:28.037718Z,device_1160,image_detection,high,4096.0,0.75,500,0.75,26.0
2026-05-22T16:02:30.037718Z,device_1161,temperature_report,high,10240.0,0.75,500,0.51,40.0
2026-05-22T16:02:32.037718Z,device_1162,temperature_report,low,10240.0,0.15,5000,0.68,6.0
2026-05-22T16:02:34.037718Z,device_1163,temperature_report,high,10240.0,0.75,500,0.92,46.0
2026-05-22T16:02:36.037718Z,device_1164,image_detection,high,10240.0,0.75,500,0.65,38.0
2026-05-22T16:02:38.037718Z,device_1165,temperature_report,medium,10240.0,0.45,1500,0.91,32.0
2026-05-22T16:02:40.037718Z,device_1166,image_detection,medium,8192.0,0.45,1500,0.17,36.0
2026-05-22T16:02:42.037718Z,device_1167,image_detection,high,8192.0,0.75,500,0.76,47.0
2026-05-22T16:02:44.037718Z,device_1168,temperature_report,medium,10240.0,0.45,1500,0.32,31.0
2026-05-22T16:02:46.037718Z,device_1169,temperature_report,high,2048.0,0.75,500,0.85,47.0
2026-05-22T16:02:48.037718Z,device_1170,temperature_report,high,1024.0,0.75,500,0.47,9.0
2026-05-22T16:02:50.037718Z,device_1171,image_detection,medium,9216.0,0.45,1500,0.47,37.0
2026-05-22T16:02:52.037718Z,device_1172,image_detection,medium,5120.0,0.45,1500,0.66,38.0
2026-05-22T16:02:54.037718Z,device_1173,image_detection,high,6144.0,0.75,500,0.06,24.0
2026-05-22T16:02:56.037718Z,device_1174,temperature_report,high,5120.0,0.75,500,1.0,11.0
2026-05-22T16:02:58.037718Z,device_1175,image_detection,low,4096.0,0.15,5000,0.34,22.0
2026-05-22T16:03:00.037718Z,device_1176,image_detection,high,3072.0,0.75,500,0.18,16.0
2026-05-22T16:03:02.037718Z,device_1177,image_detection,low,5120.0,0.15,5000,0.43,38.0
2026-05-22T16:03:04.037718Z,device_1178,image_detection,low,3072.0,0.15,5000,0.69,25.0
2026-05-22T16:03:06.037718Z,device_1179,temperature_report,medium,6144.0,0.45,1500,0.03,20.0
2026-05-22T16:03:08.037718Z,device_1180,temperature_report,medium,8192.0,0.45,1500,0.62,40.0
2026-05-22T16:03:10.037718Z,device_1181,temperature_report,low,1024.0,0.15,5000,0.77,24.0
2026-05-22T16:03:12.037718Z,device_1182,temperature_report,high,6144.0,0.75,500,0.42,12.0
2026-05-22T16:03:14.037718Z,device_1183,temperature_report,high,4096.0,0.75,500,0.67,5.0
2026-05-22T16:03:16.037718Z,device_1184,temperature_report,medium,10240.0,0.45,1500,0.67,12.0
2026-05-22T16:03:18.037718Z,device_1185,temperature_report,medium,1024.0,0.45,1500,0.96,6.0
2026-05-22T16:03:20.037718Z,device_1186,image_detection,high,1024.0,0.75,500,0.31,8.0
2026-05-22T16:03:22.037718Z,device_1187,image_detection,low,9216.0,0.15,5000,0.48,9.0
2026-05-22T16:03:24.037718Z,device_1188,temperature_report,high,2048.0,0.75,500,0.41,49.0
2026-05-22T16:03:26.037718Z,device_1189,image_detection,medium,8192.0,0.45,1500,0.47,23.0
2026-05-22T16:03:28.037718Z,device_1190,image_detection,high,9216.0,0.75,500,0.01,7.0
2026-05-22T16:03:30.037718Z,device_1191,image_detection,high,5120.0,0.75,500,0.98,6.0
2026-05-22T16:03:32.037718Z,device_1192,temperature_report,low,10240.0,0.15,5000,0.22,39.0
2026-05-22T16:03:34.037718Z,device_1193,image_detection,medium,6144.0,0.45,1500,0.44,45.0
2026-05-22T16:03:36.037718Z,device_1194,temperature_report,low,4096.0,0.15,5000,0.54,46.0
2026-05-22T16:03:38.037718Z,device_1195,temperature_report,low,5120.0,0.15,5000,0.05,25.0
2026-05-22T16:03:40.037718Z,device_1196,temperature_report,medium,10240.0,0.45,1500,0.35,31.0
2026-05-22T16:03:42.037718Z,device_1197,image_detection,high,10240.0,0.75,500,0.85,20.0
2026-05-22T16:03:44.037718Z,device_1198,temperature_report,low,6144.0,0.15,5000,0.01,8.0
2026-05-22T16:03:46.037718Z,device_1199,image_detection,medium,2048.0,0.45,1500,0.94,40.0
2026-05-22T16:03:48.037718Z,device_1200,image_detection,high,2048.0,0.75,500,0.18,8.0
